"Program","Year","Period","Week Ending","Geo Level","State","State ANSI","Ag District","Ag District Code","County","County ANSI","Zip Code","Region","watershed_code","Watershed","Commodity","Data Item","Domain","Domain Category","Value","CV (%)"
"CENSUS","2022","END OF DEC","","STATE","ALABAMA","01","","","","","","","00000000","","CATTLE","CATTLE, COWS, MILK - INVENTORY","INVENTORY OF MILK COWS","INVENTORY OF MILK COWS: (1 TO 9 HEAD)","193","11.4"
"CENSUS","2022","END OF DEC","","STATE","ALABAMA","01","","","","","","","00000000","","CATTLE","CATTLE, COWS, MILK - INVENTORY","INVENTORY OF MILK COWS","INVENTORY OF MILK COWS: (10 TO 19 HEAD)","39","65.3"
"CENSUS","2022","END OF DEC","","STATE","ALABAMA","01","","","","","","","00000000","","CATTLE","CATTLE, COWS, MILK - INVENTORY","INVENTORY OF MILK COWS","INVENTORY OF MILK COWS: (100 TO 199 HEAD)","868","13.6"
"CENSUS","2022","END OF DEC","","STATE","ALABAMA","01","","","","","","","00000000","","CATTLE","CATTLE, COWS, MILK - INVENTORY","INVENTORY OF MILK COWS","INVENTORY OF MILK COWS: (20 TO 49 HEAD)"," (D)","(D)"
"CENSUS","2022","END OF DEC","","STATE","ALABAMA","01","","","","","","","00000000","","CATTLE","CATTLE, COWS, MILK - INVENTORY","INVENTORY OF MILK COWS","INVENTORY OF MILK COWS: (200 TO 499 HEAD)"," (D)","(D)"
"CENSUS","2022","END OF DEC","","STATE","ALABAMA","01","","","","","","","00000000","","CATTLE","CATTLE, COWS, MILK - INVENTORY","INVENTORY OF MILK COWS","INVENTORY OF MILK COWS: (50 TO 99 HEAD)","392","(L)"
"CENSUS","2022","END OF DEC","","STATE","ALASKA","02","","","","","","","00000000","","CATTLE","CATTLE, COWS, MILK - INVENTORY","INVENTORY OF MILK COWS","INVENTORY OF MILK COWS: (1 TO 9 HEAD)"," (D)","(D)"
"CENSUS","2022","END OF DEC","","STATE","ALASKA","02","","","","","","","00000000","","CATTLE","CATTLE, COWS, MILK - INVENTORY","INVENTORY OF MILK COWS","INVENTORY OF MILK COWS: (20 TO 49 HEAD)"," (D)","(D)"
"CENSUS","2022","END OF DEC","","STATE","ALASKA","02","","","","","","","00000000","","CATTLE","CATTLE, COWS, MILK - INVENTORY","INVENTORY OF MILK COWS","INVENTORY OF MILK COWS: (50 TO 99 HEAD)"," (D)","(D)"
"CENSUS","2022","END OF DEC","","STATE","ARIZONA","04","","","","","","","00000000","","CATTLE","CATTLE, COWS, MILK - INVENTORY","INVENTORY OF MILK COWS","INVENTORY OF MILK COWS: (1 TO 9 HEAD)","140","14.7"
"CENSUS","2022","END OF DEC","","STATE","ARIZONA","04","","","","","","","00000000","","CATTLE","CATTLE, COWS, MILK - INVENTORY","INVENTORY OF MILK COWS","INVENTORY OF MILK COWS: (1,000 TO 2,499 HEAD)"," (D)","(D)"
"CENSUS","2022","END OF DEC","","STATE","ARIZONA","04","","","","","","","00000000","","CATTLE","CATTLE, COWS, MILK - INVENTORY","INVENTORY OF MILK COWS","INVENTORY OF MILK COWS: (10 TO 19 HEAD)"," (D)","(D)"
"CENSUS","2022","END OF DEC","","STATE","ARIZONA","04","","","","","","","00000000","","CATTLE","CATTLE, COWS, MILK - INVENTORY","INVENTORY OF MILK COWS","INVENTORY OF MILK COWS: (2,500 OR MORE HEAD)","183,207","9.1"
"CENSUS","2022","END OF DEC","","STATE","ARIZONA","04","","","","","","","00000000","","CATTLE","CATTLE, COWS, MILK - INVENTORY","INVENTORY OF MILK COWS","INVENTORY OF MILK COWS: (20 TO 49 HEAD)","158","39.8"
"CENSUS","2022","END OF DEC","","STATE","ARIZONA","04","","","","","","","00000000","","CATTLE","CATTLE, COWS, MILK - INVENTORY","INVENTORY OF MILK COWS","INVENTORY OF MILK COWS: (50 TO 99 HEAD)"," (D)","(D)"
"CENSUS","2022","END OF DEC","","STATE","ARIZONA","04","","","","","","","00000000","","CATTLE","CATTLE, COWS, MILK - INVENTORY","INVENTORY OF MILK COWS","INVENTORY OF MILK COWS: (500 OR MORE HEAD)","198,662","8.4"
"CENSUS","2022","END OF DEC","","STATE","ARIZONA","04","","","","","","","00000000","","CATTLE","CATTLE, COWS, MILK - INVENTORY","INVENTORY OF MILK COWS","INVENTORY OF MILK COWS: (500 TO 999 HEAD)"," (D)","(D)"
"CENSUS","2022","END OF DEC","","STATE","ARKANSAS","05","","","","","","","00000000","","CATTLE","CATTLE, COWS, MILK - INVENTORY","INVENTORY OF MILK COWS","INVENTORY OF MILK COWS: (1 TO 9 HEAD)","123","66.0"
"CENSUS","2022","END OF DEC","","STATE","ARKANSAS","05","","","","","","","00000000","","CATTLE","CATTLE, COWS, MILK - INVENTORY","INVENTORY OF MILK COWS","INVENTORY OF MILK COWS: (10 TO 19 HEAD)"," (D)","(D)"
"CENSUS","2022","END OF DEC","","STATE","ARKANSAS","05","","","","","","","00000000","","CATTLE","CATTLE, COWS, MILK - INVENTORY","INVENTORY OF MILK COWS","INVENTORY OF MILK COWS: (100 TO 199 HEAD)","890","(L)"
"CENSUS","2022","END OF DEC","","STATE","ARKANSAS","05","","","","","","","00000000","","CATTLE","CATTLE, COWS, MILK - INVENTORY","INVENTORY OF MILK COWS","INVENTORY OF MILK COWS: (20 TO 49 HEAD)"," (D)","(D)"
"CENSUS","2022","END OF DEC","","STATE","ARKANSAS","05","","","","","","","00000000","","CATTLE","CATTLE, COWS, MILK - INVENTORY","INVENTORY OF MILK COWS","INVENTORY OF MILK COWS: (200 TO 499 HEAD)","1,876","11.2"
"CENSUS","2022","END OF DEC","","STATE","ARKANSAS","05","","","","","","","00000000","","CATTLE","CATTLE, COWS, MILK - INVENTORY","INVENTORY OF MILK COWS","INVENTORY OF MILK COWS: (50 TO 99 HEAD)","775","7.3"
"CENSUS","2022","END OF DEC","","STATE","CALIFORNIA","06","","","","","","","00000000","","CATTLE","CATTLE, COWS, MILK - INVENTORY","INVENTORY OF MILK COWS","INVENTORY OF MILK COWS: (1 TO 9 HEAD)","549","16.0"
"CENSUS","2022","END OF DEC","","STATE","CALIFORNIA","06","","","","","","","00000000","","CATTLE","CATTLE, COWS, MILK - INVENTORY","INVENTORY OF MILK COWS","INVENTORY OF MILK COWS: (1,000 TO 2,499 HEAD)","518,014","11.6"
"CENSUS","2022","END OF DEC","","STATE","CALIFORNIA","06","","","","","","","00000000","","CATTLE","CATTLE, COWS, MILK - INVENTORY","INVENTORY OF MILK COWS","INVENTORY OF MILK COWS: (10 TO 19 HEAD)","221","17.7"
"CENSUS","2022","END OF DEC","","STATE","CALIFORNIA","06","","","","","","","00000000","","CATTLE","CATTLE, COWS, MILK - INVENTORY","INVENTORY OF MILK COWS","INVENTORY OF MILK COWS: (100 TO 199 HEAD)","2,947","14.8"
"CENSUS","2022","END OF DEC","","STATE","CALIFORNIA","06","","","","","","","00000000","","CATTLE","CATTLE, COWS, MILK - INVENTORY","INVENTORY OF MILK COWS","INVENTORY OF MILK COWS: (2,500 OR MORE HEAD)","1,025,716","6.3"
"CENSUS","2022","END OF DEC","","STATE","CALIFORNIA","06","","","","","","","00000000","","CATTLE","CATTLE, COWS, MILK - INVENTORY","INVENTORY OF MILK COWS","INVENTORY OF MILK COWS: (20 TO 49 HEAD)","247","30.8"
"CENSUS","2022","END OF DEC","","STATE","CALIFORNIA","06","","","","","","","00000000","","CATTLE","CATTLE, COWS, MILK - INVENTORY","INVENTORY OF MILK COWS","INVENTORY OF MILK COWS: (200 TO 499 HEAD)","25,889","15.2"
"CENSUS","2022","END OF DEC","","STATE","CALIFORNIA","06","","","","","","","00000000","","CATTLE","CATTLE, COWS, MILK - INVENTORY","INVENTORY OF MILK COWS","INVENTORY OF MILK COWS: (50 TO 99 HEAD)","739","78.5"
"CENSUS","2022","END OF DEC","","STATE","CALIFORNIA","06","","","","","","","00000000","","CATTLE","CATTLE, COWS, MILK - INVENTORY","INVENTORY OF MILK COWS","INVENTORY OF MILK COWS: (500 OR MORE HEAD)","1,657,610","1.0"
"CENSUS","2022","END OF DEC","","STATE","CALIFORNIA","06","","","","","","","00000000","","CATTLE","CATTLE, COWS, MILK - INVENTORY","INVENTORY OF MILK COWS","INVENTORY OF MILK COWS: (500 TO 999 HEAD)","113,880","11.3"
"CENSUS","2022","END OF DEC","","STATE","COLORADO","08","","","","","","","00000000","","CATTLE","CATTLE, COWS, MILK - INVENTORY","INVENTORY OF MILK COWS","INVENTORY OF MILK COWS: (1 TO 9 HEAD)","654","6.9"
"CENSUS","2022","END OF DEC","","STATE","COLORADO","08","","","","","","","00000000","","CATTLE","CATTLE, COWS, MILK - INVENTORY","INVENTORY OF MILK COWS","INVENTORY OF MILK COWS: (1,000 TO 2,499 HEAD)","49,270","4.6"
"CENSUS","2022","END OF DEC","","STATE","COLORADO","08","","","","","","","00000000","","CATTLE","CATTLE, COWS, MILK - INVENTORY","INVENTORY OF MILK COWS","INVENTORY OF MILK COWS: (10 TO 19 HEAD)","223","24.6"
"CENSUS","2022","END OF DEC","","STATE","COLORADO","08","","","","","","","00000000","","CATTLE","CATTLE, COWS, MILK - INVENTORY","INVENTORY OF MILK COWS","INVENTORY OF MILK COWS: (100 TO 199 HEAD)","525","43.5"
"CENSUS","2022","END OF DEC","","STATE","COLORADO","08","","","","","","","00000000","","CATTLE","CATTLE, COWS, MILK - INVENTORY","INVENTORY OF MILK COWS","INVENTORY OF MILK COWS: (2,500 OR MORE HEAD)","136,057","(L)"
"CENSUS","2022","END OF DEC","","STATE","COLORADO","08","","","","","","","00000000","","CATTLE","CATTLE, COWS, MILK - INVENTORY","INVENTORY OF MILK COWS","INVENTORY OF MILK COWS: (20 TO 49 HEAD)","433","13.2"
"CENSUS","2022","END OF DEC","","STATE","COLORADO","08","","","","","","","00000000","","CATTLE","CATTLE, COWS, MILK - INVENTORY","INVENTORY OF MILK COWS","INVENTORY OF MILK COWS: (200 TO 499 HEAD)","6,364","57.3"
"CENSUS","2022","END OF DEC","","STATE","COLORADO","08","","","","","","","00000000","","CATTLE","CATTLE, COWS, MILK - INVENTORY","INVENTORY OF MILK COWS","INVENTORY OF MILK COWS: (50 TO 99 HEAD)","361","45.2"
"CENSUS","2022","END OF DEC","","STATE","COLORADO","08","","","","","","","00000000","","CATTLE","CATTLE, COWS, MILK - INVENTORY","INVENTORY OF MILK COWS","INVENTORY OF MILK COWS: (500 OR MORE HEAD)","193,190","1.2"
"CENSUS","2022","END OF DEC","","STATE","COLORADO","08","","","","","","","00000000","","CATTLE","CATTLE, COWS, MILK - INVENTORY","INVENTORY OF MILK COWS","INVENTORY OF MILK COWS: (500 TO 999 HEAD)","7,863","(L)"
"CENSUS","2022","END OF DEC","","STATE","CONNECTICUT","09","","","","","","","00000000","","CATTLE","CATTLE, COWS, MILK - INVENTORY","INVENTORY OF MILK COWS","INVENTORY OF MILK COWS: (1 TO 9 HEAD)","180","17.6"
"CENSUS","2022","END OF DEC","","STATE","CONNECTICUT","09","","","","","","","00000000","","CATTLE","CATTLE, COWS, MILK - INVENTORY","INVENTORY OF MILK COWS","INVENTORY OF MILK COWS: (1,000 TO 2,499 HEAD)","4,724","(L)"
"CENSUS","2022","END OF DEC","","STATE","CONNECTICUT","09","","","","","","","00000000","","CATTLE","CATTLE, COWS, MILK - INVENTORY","INVENTORY OF MILK COWS","INVENTORY OF MILK COWS: (10 TO 19 HEAD)","98","42.1"
"CENSUS","2022","END OF DEC","","STATE","CONNECTICUT","09","","","","","","","00000000","","CATTLE","CATTLE, COWS, MILK - INVENTORY","INVENTORY OF MILK COWS","INVENTORY OF MILK COWS: (100 TO 199 HEAD)","1,948","7.7"
"CENSUS","2022","END OF DEC","","STATE","CONNECTICUT","09","","","","","","","00000000","","CATTLE","CATTLE, COWS, MILK - INVENTORY","INVENTORY OF MILK COWS","INVENTORY OF MILK COWS: (2,500 OR MORE HEAD)"," (D)","(D)"
"CENSUS","2022","END OF DEC","","STATE","CONNECTICUT","09","","","","","","","00000000","","CATTLE","CATTLE, COWS, MILK - INVENTORY","INVENTORY OF MILK COWS","INVENTORY OF MILK COWS: (20 TO 49 HEAD)","593","18.8"
"CENSUS","2022","END OF DEC","","STATE","CONNECTICUT","09","","","","","","","00000000","","CATTLE","CATTLE, COWS, MILK - INVENTORY","INVENTORY OF MILK COWS","INVENTORY OF MILK COWS: (200 TO 499 HEAD)","5,109","4.6"
"CENSUS","2022","END OF DEC","","STATE","CONNECTICUT","09","","","","","","","00000000","","CATTLE","CATTLE, COWS, MILK - INVENTORY","INVENTORY OF MILK COWS","INVENTORY OF MILK COWS: (50 TO 99 HEAD)","1,613","12.2"
"CENSUS","2022","END OF DEC","","STATE","CONNECTICUT","09","","","","","","","00000000","","CATTLE","CATTLE, COWS, MILK - INVENTORY","INVENTORY OF MILK COWS","INVENTORY OF MILK COWS: (500 OR MORE HEAD)","9,344","(L)"
"CENSUS","2022","END OF DEC","","STATE","CONNECTICUT","09","","","","","","","00000000","","CATTLE","CATTLE, COWS, MILK - INVENTORY","INVENTORY OF MILK COWS","INVENTORY OF MILK COWS: (500 TO 999 HEAD)"," (D)","(D)"
"CENSUS","2022","END OF DEC","","STATE","DELAWARE","10","","","","","","","00000000","","CATTLE","CATTLE, COWS, MILK - INVENTORY","INVENTORY OF MILK COWS","INVENTORY OF MILK COWS: (1 TO 9 HEAD)","58","23.2"
"CENSUS","2022","END OF DEC","","STATE","DELAWARE","10","","","","","","","00000000","","CATTLE","CATTLE, COWS, MILK - INVENTORY","INVENTORY OF MILK COWS","INVENTORY OF MILK COWS: (10 TO 19 HEAD)"," (D)","(D)"
"CENSUS","2022","END OF DEC","","STATE","DELAWARE","10","","","","","","","00000000","","CATTLE","CATTLE, COWS, MILK - INVENTORY","INVENTORY OF MILK COWS","INVENTORY OF MILK COWS: (100 TO 199 HEAD)","719","(L)"
"CENSUS","2022","END OF DEC","","STATE","DELAWARE","10","","","","","","","00000000","","CATTLE","CATTLE, COWS, MILK - INVENTORY","INVENTORY OF MILK COWS","INVENTORY OF MILK COWS: (20 TO 49 HEAD)","150","66.9"
"CENSUS","2022","END OF DEC","","STATE","DELAWARE","10","","","","","","","00000000","","CATTLE","CATTLE, COWS, MILK - INVENTORY","INVENTORY OF MILK COWS","INVENTORY OF MILK COWS: (200 TO 499 HEAD)","1,438","(L)"
"CENSUS","2022","END OF DEC","","STATE","DELAWARE","10","","","","","","","00000000","","CATTLE","CATTLE, COWS, MILK - INVENTORY","INVENTORY OF MILK COWS","INVENTORY OF MILK COWS: (50 TO 99 HEAD)"," (D)","(D)"
"CENSUS","2022","END OF DEC","","STATE","FLORIDA","12","","","","","","","00000000","","CATTLE","CATTLE, COWS, MILK - INVENTORY","INVENTORY OF MILK COWS","INVENTORY OF MILK COWS: (1 TO 9 HEAD)","692","6.0"
"CENSUS","2022","END OF DEC","","STATE","FLORIDA","12","","","","","","","00000000","","CATTLE","CATTLE, COWS, MILK - INVENTORY","INVENTORY OF MILK COWS","INVENTORY OF MILK COWS: (1,000 TO 2,499 HEAD)","24,414","(L)"
"CENSUS","2022","END OF DEC","","STATE","FLORIDA","12","","","","","","","00000000","","CATTLE","CATTLE, COWS, MILK - INVENTORY","INVENTORY OF MILK COWS","INVENTORY OF MILK COWS: (10 TO 19 HEAD)"," (D)","(D)"
"CENSUS","2022","END OF DEC","","STATE","FLORIDA","12","","","","","","","00000000","","CATTLE","CATTLE, COWS, MILK - INVENTORY","INVENTORY OF MILK COWS","INVENTORY OF MILK COWS: (100 TO 199 HEAD)"," (D)","(D)"
"CENSUS","2022","END OF DEC","","STATE","FLORIDA","12","","","","","","","00000000","","CATTLE","CATTLE, COWS, MILK - INVENTORY","INVENTORY OF MILK COWS","INVENTORY OF MILK COWS: (2,500 OR MORE HEAD)","57,556","(L)"
"CENSUS","2022","END OF DEC","","STATE","FLORIDA","12","","","","","","","00000000","","CATTLE","CATTLE, COWS, MILK - INVENTORY","INVENTORY OF MILK COWS","INVENTORY OF MILK COWS: (20 TO 49 HEAD)","230","91.9"
"CENSUS","2022","END OF DEC","","STATE","FLORIDA","12","","","","","","","00000000","","CATTLE","CATTLE, COWS, MILK - INVENTORY","INVENTORY OF MILK COWS","INVENTORY OF MILK COWS: (200 TO 499 HEAD)","2,056","(L)"
"CENSUS","2022","END OF DEC","","STATE","FLORIDA","12","","","","","","","00000000","","CATTLE","CATTLE, COWS, MILK - INVENTORY","INVENTORY OF MILK COWS","INVENTORY OF MILK COWS: (50 TO 99 HEAD)","322","(L)"
"CENSUS","2022","END OF DEC","","STATE","FLORIDA","12","","","","","","","00000000","","CATTLE","CATTLE, COWS, MILK - INVENTORY","INVENTORY OF MILK COWS","INVENTORY OF MILK COWS: (500 OR MORE HEAD)","90,224","1.8"
"CENSUS","2022","END OF DEC","","STATE","FLORIDA","12","","","","","","","00000000","","CATTLE","CATTLE, COWS, MILK - INVENTORY","INVENTORY OF MILK COWS","INVENTORY OF MILK COWS: (500 TO 999 HEAD)","8,254","19.2"
"CENSUS","2022","END OF DEC","","STATE","GEORGIA","13","","","","","","","00000000","","CATTLE","CATTLE, COWS, MILK - INVENTORY","INVENTORY OF MILK COWS","INVENTORY OF MILK COWS: (1 TO 9 HEAD)","655","5.1"
"CENSUS","2022","END OF DEC","","STATE","GEORGIA","13","","","","","","","00000000","","CATTLE","CATTLE, COWS, MILK - INVENTORY","INVENTORY OF MILK COWS","INVENTORY OF MILK COWS: (1,000 TO 2,499 HEAD)","12,489","(L)"
"CENSUS","2022","END OF DEC","","STATE","GEORGIA","13","","","","","","","00000000","","CATTLE","CATTLE, COWS, MILK - INVENTORY","INVENTORY OF MILK COWS","INVENTORY OF MILK COWS: (10 TO 19 HEAD)","653","54.7"
"CENSUS","2022","END OF DEC","","STATE","GEORGIA","13","","","","","","","00000000","","CATTLE","CATTLE, COWS, MILK - INVENTORY","INVENTORY OF MILK COWS","INVENTORY OF MILK COWS: (100 TO 199 HEAD)","2,884","48.4"
"CENSUS","2022","END OF DEC","","STATE","GEORGIA","13","","","","","","","00000000","","CATTLE","CATTLE, COWS, MILK - INVENTORY","INVENTORY OF MILK COWS","INVENTORY OF MILK COWS: (2,500 OR MORE HEAD)","36,568","(L)"
"CENSUS","2022","END OF DEC","","STATE","GEORGIA","13","","","","","","","00000000","","CATTLE","CATTLE, COWS, MILK - INVENTORY","INVENTORY OF MILK COWS","INVENTORY OF MILK COWS: (20 TO 49 HEAD)","784","87.1"
"CENSUS","2022","END OF DEC","","STATE","GEORGIA","13","","","","","","","00000000","","CATTLE","CATTLE, COWS, MILK - INVENTORY","INVENTORY OF MILK COWS","INVENTORY OF MILK COWS: (200 TO 499 HEAD)","6,284","(H)"
"CENSUS","2022","END OF DEC","","STATE","GEORGIA","13","","","","","","","00000000","","CATTLE","CATTLE, COWS, MILK - INVENTORY","INVENTORY OF MILK COWS","INVENTORY OF MILK COWS: (50 TO 99 HEAD)","1,288","76.0"
"CENSUS","2022","END OF DEC","","STATE","GEORGIA","13","","","","","","","00000000","","CATTLE","CATTLE, COWS, MILK - INVENTORY","INVENTORY OF MILK COWS","INVENTORY OF MILK COWS: (500 OR MORE HEAD)","60,282","21.6"
"CENSUS","2022","END OF DEC","","STATE","GEORGIA","13","","","","","","","00000000","","CATTLE","CATTLE, COWS, MILK - INVENTORY","INVENTORY OF MILK COWS","INVENTORY OF MILK COWS: (500 TO 999 HEAD)","11,225","(H)"
"CENSUS","2022","END OF DEC","","STATE","HAWAII","15","","","","","","","00000000","","CATTLE","CATTLE, COWS, MILK - INVENTORY","INVENTORY OF MILK COWS","INVENTORY OF MILK COWS: (1 TO 9 HEAD)","39","39.3"
"CENSUS","2022","END OF DEC","","STATE","HAWAII","15","","","","","","","00000000","","CATTLE","CATTLE, COWS, MILK - INVENTORY","INVENTORY OF MILK COWS","INVENTORY OF MILK COWS: (10 TO 19 HEAD)"," (D)","(D)"
"CENSUS","2022","END OF DEC","","STATE","HAWAII","15","","","","","","","00000000","","CATTLE","CATTLE, COWS, MILK - INVENTORY","INVENTORY OF MILK COWS","INVENTORY OF MILK COWS: (100 TO 199 HEAD)"," (D)","(D)"
"CENSUS","2022","END OF DEC","","STATE","HAWAII","15","","","","","","","00000000","","CATTLE","CATTLE, COWS, MILK - INVENTORY","INVENTORY OF MILK COWS","INVENTORY OF MILK COWS: (20 TO 49 HEAD)"," (D)","(D)"
"CENSUS","2022","END OF DEC","","STATE","HAWAII","15","","","","","","","00000000","","CATTLE","CATTLE, COWS, MILK - INVENTORY","INVENTORY OF MILK COWS","INVENTORY OF MILK COWS: (200 TO 499 HEAD)"," (D)","(D)"
"CENSUS","2022","END OF DEC","","STATE","IDAHO","16","","","","","","","00000000","","CATTLE","CATTLE, COWS, MILK - INVENTORY","INVENTORY OF MILK COWS","INVENTORY OF MILK COWS: (1 TO 9 HEAD)","485","8.6"
"CENSUS","2022","END OF DEC","","STATE","IDAHO","16","","","","","","","00000000","","CATTLE","CATTLE, COWS, MILK - INVENTORY","INVENTORY OF MILK COWS","INVENTORY OF MILK COWS: (1,000 TO 2,499 HEAD)","107,083","1.5"
"CENSUS","2022","END OF DEC","","STATE","IDAHO","16","","","","","","","00000000","","CATTLE","CATTLE, COWS, MILK - INVENTORY","INVENTORY OF MILK COWS","INVENTORY OF MILK COWS: (10 TO 19 HEAD)","82","53.9"
"CENSUS","2022","END OF DEC","","STATE","IDAHO","16","","","","","","","00000000","","CATTLE","CATTLE, COWS, MILK - INVENTORY","INVENTORY OF MILK COWS","INVENTORY OF MILK COWS: (100 TO 199 HEAD)","3,824","19.0"
"CENSUS","2022","END OF DEC","","STATE","IDAHO","16","","","","","","","00000000","","CATTLE","CATTLE, COWS, MILK - INVENTORY","INVENTORY OF MILK COWS","INVENTORY OF MILK COWS: (2,500 OR MORE HEAD)","501,352","(L)"
"CENSUS","2022","END OF DEC","","STATE","IDAHO","16","","","","","","","00000000","","CATTLE","CATTLE, COWS, MILK - INVENTORY","INVENTORY OF MILK COWS","INVENTORY OF MILK COWS: (20 TO 49 HEAD)","545","83.2"
"CENSUS","2022","END OF DEC","","STATE","IDAHO","16","","","","","","","00000000","","CATTLE","CATTLE, COWS, MILK - INVENTORY","INVENTORY OF MILK COWS","INVENTORY OF MILK COWS: (200 TO 499 HEAD)","20,213","27.9"
"CENSUS","2022","END OF DEC","","STATE","IDAHO","16","","","","","","","00000000","","CATTLE","CATTLE, COWS, MILK - INVENTORY","INVENTORY OF MILK COWS","INVENTORY OF MILK COWS: (50 TO 99 HEAD)","1,264","35.1"
"CENSUS","2022","END OF DEC","","STATE","IDAHO","16","","","","","","","00000000","","CATTLE","CATTLE, COWS, MILK - INVENTORY","INVENTORY OF MILK COWS","INVENTORY OF MILK COWS: (500 OR MORE HEAD)","638,066","1.7"
"CENSUS","2022","END OF DEC","","STATE","IDAHO","16","","","","","","","00000000","","CATTLE","CATTLE, COWS, MILK - INVENTORY","INVENTORY OF MILK COWS","INVENTORY OF MILK COWS: (500 TO 999 HEAD)","29,631","35.7"
"CENSUS","2022","END OF DEC","","STATE","ILLINOIS","17","","","","","","","00000000","","CATTLE","CATTLE, COWS, MILK - INVENTORY","INVENTORY OF MILK COWS","INVENTORY OF MILK COWS: (1 TO 9 HEAD)","493","9.6"
"CENSUS","2022","END OF DEC","","STATE","ILLINOIS","17","","","","","","","00000000","","CATTLE","CATTLE, COWS, MILK - INVENTORY","INVENTORY OF MILK COWS","INVENTORY OF MILK COWS: (1,000 TO 2,499 HEAD)"," (D)","(D)"
"CENSUS","2022","END OF DEC","","STATE","ILLINOIS","17","","","","","","","00000000","","CATTLE","CATTLE, COWS, MILK - INVENTORY","INVENTORY OF MILK COWS","INVENTORY OF MILK COWS: (10 TO 19 HEAD)","263","18.1"
"CENSUS","2022","END OF DEC","","STATE","ILLINOIS","17","","","","","","","00000000","","CATTLE","CATTLE, COWS, MILK - INVENTORY","INVENTORY OF MILK COWS","INVENTORY OF MILK COWS: (100 TO 199 HEAD)","12,891","14.2"
"CENSUS","2022","END OF DEC","","STATE","ILLINOIS","17","","","","","","","00000000","","CATTLE","CATTLE, COWS, MILK - INVENTORY","INVENTORY OF MILK COWS","INVENTORY OF MILK COWS: (2,500 OR MORE HEAD)"," (D)","(D)"
"CENSUS","2022","END OF DEC","","STATE","ILLINOIS","17","","","","","","","00000000","","CATTLE","CATTLE, COWS, MILK - INVENTORY","INVENTORY OF MILK COWS","INVENTORY OF MILK COWS: (20 TO 49 HEAD)","2,918","9.9"
"CENSUS","2022","END OF DEC","","STATE","ILLINOIS","17","","","","","","","00000000","","CATTLE","CATTLE, COWS, MILK - INVENTORY","INVENTORY OF MILK COWS","INVENTORY OF MILK COWS: (200 TO 499 HEAD)","28,878","9.8"
"CENSUS","2022","END OF DEC","","STATE","ILLINOIS","17","","","","","","","00000000","","CATTLE","CATTLE, COWS, MILK - INVENTORY","INVENTORY OF MILK COWS","INVENTORY OF MILK COWS: (50 TO 99 HEAD)","6,736","11.0"
"CENSUS","2022","END OF DEC","","STATE","ILLINOIS","17","","","","","","","00000000","","CATTLE","CATTLE, COWS, MILK - INVENTORY","INVENTORY OF MILK COWS","INVENTORY OF MILK COWS: (500 OR MORE HEAD)","20,827","5.4"
"CENSUS","2022","END OF DEC","","STATE","ILLINOIS","17","","","","","","","00000000","","CATTLE","CATTLE, COWS, MILK - INVENTORY","INVENTORY OF MILK COWS","INVENTORY OF MILK COWS: (500 TO 999 HEAD)","10,867","10.3"
"CENSUS","2022","END OF DEC","","STATE","INDIANA","18","","","","","","","00000000","","CATTLE","CATTLE, COWS, MILK - INVENTORY","INVENTORY OF MILK COWS","INVENTORY OF MILK COWS: (1 TO 9 HEAD)","1,538","6.6"
"CENSUS","2022","END OF DEC","","STATE","INDIANA","18","","","","","","","00000000","","CATTLE","CATTLE, COWS, MILK - INVENTORY","INVENTORY OF MILK COWS","INVENTORY OF MILK COWS: (1,000 TO 2,499 HEAD)","29,543","9.1"
"CENSUS","2022","END OF DEC","","STATE","INDIANA","18","","","","","","","00000000","","CATTLE","CATTLE, COWS, MILK - INVENTORY","INVENTORY OF MILK COWS","INVENTORY OF MILK COWS: (10 TO 19 HEAD)","493","24.1"
"CENSUS","2022","END OF DEC","","STATE","INDIANA","18","","","","","","","00000000","","CATTLE","CATTLE, COWS, MILK - INVENTORY","INVENTORY OF MILK COWS","INVENTORY OF MILK COWS: (100 TO 199 HEAD)","10,212","87.2"
"CENSUS","2022","END OF DEC","","STATE","INDIANA","18","","","","","","","00000000","","CATTLE","CATTLE, COWS, MILK - INVENTORY","INVENTORY OF MILK COWS","INVENTORY OF MILK COWS: (2,500 OR MORE HEAD)","91,080","3.1"
"CENSUS","2022","END OF DEC","","STATE","INDIANA","18","","","","","","","00000000","","CATTLE","CATTLE, COWS, MILK - INVENTORY","INVENTORY OF MILK COWS","INVENTORY OF MILK COWS: (20 TO 49 HEAD)","10,838","14.3"
"CENSUS","2022","END OF DEC","","STATE","INDIANA","18","","","","","","","00000000","","CATTLE","CATTLE, COWS, MILK - INVENTORY","INVENTORY OF MILK COWS","INVENTORY OF MILK COWS: (200 TO 499 HEAD)","20,882","65.6"
"CENSUS","2022","END OF DEC","","STATE","INDIANA","18","","","","","","","00000000","","CATTLE","CATTLE, COWS, MILK - INVENTORY","INVENTORY OF MILK COWS","INVENTORY OF MILK COWS: (50 TO 99 HEAD)","11,907","25.0"
"CENSUS","2022","END OF DEC","","STATE","INDIANA","18","","","","","","","00000000","","CATTLE","CATTLE, COWS, MILK - INVENTORY","INVENTORY OF MILK COWS","INVENTORY OF MILK COWS: (500 OR MORE HEAD)","127,306","3.3"
"CENSUS","2022","END OF DEC","","STATE","INDIANA","18","","","","","","","00000000","","CATTLE","CATTLE, COWS, MILK - INVENTORY","INVENTORY OF MILK COWS","INVENTORY OF MILK COWS: (500 TO 999 HEAD)","6,683","23.7"
"CENSUS","2022","END OF DEC","","STATE","IOWA","19","","","","","","","00000000","","CATTLE","CATTLE, COWS, MILK - INVENTORY","INVENTORY OF MILK COWS","INVENTORY OF MILK COWS: (1 TO 9 HEAD)","547","8.7"
"CENSUS","2022","END OF DEC","","STATE","IOWA","19","","","","","","","00000000","","CATTLE","CATTLE, COWS, MILK - INVENTORY","INVENTORY OF MILK COWS","INVENTORY OF MILK COWS: (1,000 TO 2,499 HEAD)","36,781","16.8"
"CENSUS","2022","END OF DEC","","STATE","IOWA","19","","","","","","","00000000","","CATTLE","CATTLE, COWS, MILK - INVENTORY","INVENTORY OF MILK COWS","INVENTORY OF MILK COWS: (10 TO 19 HEAD)","396","26.5"
"CENSUS","2022","END OF DEC","","STATE","IOWA","19","","","","","","","00000000","","CATTLE","CATTLE, COWS, MILK - INVENTORY","INVENTORY OF MILK COWS","INVENTORY OF MILK COWS: (100 TO 199 HEAD)","22,081","8.0"
"CENSUS","2022","END OF DEC","","STATE","IOWA","19","","","","","","","00000000","","CATTLE","CATTLE, COWS, MILK - INVENTORY","INVENTORY OF MILK COWS","INVENTORY OF MILK COWS: (2,500 OR MORE HEAD)","89,702","(L)"
"CENSUS","2022","END OF DEC","","STATE","IOWA","19","","","","","","","00000000","","CATTLE","CATTLE, COWS, MILK - INVENTORY","INVENTORY OF MILK COWS","INVENTORY OF MILK COWS: (20 TO 49 HEAD)","3,916","9.0"
"CENSUS","2022","END OF DEC","","STATE","IOWA","19","","","","","","","00000000","","CATTLE","CATTLE, COWS, MILK - INVENTORY","INVENTORY OF MILK COWS","INVENTORY OF MILK COWS: (200 TO 499 HEAD)","45,162","10.6"
"CENSUS","2022","END OF DEC","","STATE","IOWA","19","","","","","","","00000000","","CATTLE","CATTLE, COWS, MILK - INVENTORY","INVENTORY OF MILK COWS","INVENTORY OF MILK COWS: (50 TO 99 HEAD)","12,105","6.1"
"CENSUS","2022","END OF DEC","","STATE","IOWA","19","","","","","","","00000000","","CATTLE","CATTLE, COWS, MILK - INVENTORY","INVENTORY OF MILK COWS","INVENTORY OF MILK COWS: (500 OR MORE HEAD)","153,880","4.6"
"CENSUS","2022","END OF DEC","","STATE","IOWA","19","","","","","","","00000000","","CATTLE","CATTLE, COWS, MILK - INVENTORY","INVENTORY OF MILK COWS","INVENTORY OF MILK COWS: (500 TO 999 HEAD)","27,397","18.8"
"CENSUS","2022","END OF DEC","","STATE","KANSAS","20","","","","","","","00000000","","CATTLE","CATTLE, COWS, MILK - INVENTORY","INVENTORY OF MILK COWS","INVENTORY OF MILK COWS: (1 TO 9 HEAD)","804","7.7"
"CENSUS","2022","END OF DEC","","STATE","KANSAS","20","","","","","","","00000000","","CATTLE","CATTLE, COWS, MILK - INVENTORY","INVENTORY OF MILK COWS","INVENTORY OF MILK COWS: (1,000 TO 2,499 HEAD)"," (D)","(D)"
"CENSUS","2022","END OF DEC","","STATE","KANSAS","20","","","","","","","00000000","","CATTLE","CATTLE, COWS, MILK - INVENTORY","INVENTORY OF MILK COWS","INVENTORY OF MILK COWS: (10 TO 19 HEAD)","243","36.7"
"CENSUS","2022","END OF DEC","","STATE","KANSAS","20","","","","","","","00000000","","CATTLE","CATTLE, COWS, MILK - INVENTORY","INVENTORY OF MILK COWS","INVENTORY OF MILK COWS: (100 TO 199 HEAD)","5,053","(H)"
"CENSUS","2022","END OF DEC","","STATE","KANSAS","20","","","","","","","00000000","","CATTLE","CATTLE, COWS, MILK - INVENTORY","INVENTORY OF MILK COWS","INVENTORY OF MILK COWS: (2,500 OR MORE HEAD)","150,559","(L)"
"CENSUS","2022","END OF DEC","","STATE","KANSAS","20","","","","","","","00000000","","CATTLE","CATTLE, COWS, MILK - INVENTORY","INVENTORY OF MILK COWS","INVENTORY OF MILK COWS: (20 TO 49 HEAD)","1,039","57.0"
"CENSUS","2022","END OF DEC","","STATE","KANSAS","20","","","","","","","00000000","","CATTLE","CATTLE, COWS, MILK - INVENTORY","INVENTORY OF MILK COWS","INVENTORY OF MILK COWS: (200 TO 499 HEAD)","8,057","(H)"
"CENSUS","2022","END OF DEC","","STATE","KANSAS","20","","","","","","","00000000","","CATTLE","CATTLE, COWS, MILK - INVENTORY","INVENTORY OF MILK COWS","INVENTORY OF MILK COWS: (50 TO 99 HEAD)","2,669","47.6"
"CENSUS","2022","END OF DEC","","STATE","KANSAS","20","","","","","","","00000000","","CATTLE","CATTLE, COWS, MILK - INVENTORY","INVENTORY OF MILK COWS","INVENTORY OF MILK COWS: (500 OR MORE HEAD)","158,241","(L)"
"CENSUS","2022","END OF DEC","","STATE","KANSAS","20","","","","","","","00000000","","CATTLE","CATTLE, COWS, MILK - INVENTORY","INVENTORY OF MILK COWS","INVENTORY OF MILK COWS: (500 TO 999 HEAD)"," (D)","(D)"
"CENSUS","2022","END OF DEC","","STATE","KENTUCKY","21","","","","","","","00000000","","CATTLE","CATTLE, COWS, MILK - INVENTORY","INVENTORY OF MILK COWS","INVENTORY OF MILK COWS: (1 TO 9 HEAD)","1,389","11.9"
"CENSUS","2022","END OF DEC","","STATE","KENTUCKY","21","","","","","","","00000000","","CATTLE","CATTLE, COWS, MILK - INVENTORY","INVENTORY OF MILK COWS","INVENTORY OF MILK COWS: (1,000 TO 2,499 HEAD)","5,845","(L)"
"CENSUS","2022","END OF DEC","","STATE","KENTUCKY","21","","","","","","","00000000","","CATTLE","CATTLE, COWS, MILK - INVENTORY","INVENTORY OF MILK COWS","INVENTORY OF MILK COWS: (10 TO 19 HEAD)","810","12.0"
"CENSUS","2022","END OF DEC","","STATE","KENTUCKY","21","","","","","","","00000000","","CATTLE","CATTLE, COWS, MILK - INVENTORY","INVENTORY OF MILK COWS","INVENTORY OF MILK COWS: (100 TO 199 HEAD)","10,451","33.3"
"CENSUS","2022","END OF DEC","","STATE","KENTUCKY","21","","","","","","","00000000","","CATTLE","CATTLE, COWS, MILK - INVENTORY","INVENTORY OF MILK COWS","INVENTORY OF MILK COWS: (20 TO 49 HEAD)","3,046","10.6"
"CENSUS","2022","END OF DEC","","STATE","KENTUCKY","21","","","","","","","00000000","","CATTLE","CATTLE, COWS, MILK - INVENTORY","INVENTORY OF MILK COWS","INVENTORY OF MILK COWS: (200 TO 499 HEAD)","13,312","13.2"
"CENSUS","2022","END OF DEC","","STATE","KENTUCKY","21","","","","","","","00000000","","CATTLE","CATTLE, COWS, MILK - INVENTORY","INVENTORY OF MILK COWS","INVENTORY OF MILK COWS: (50 TO 99 HEAD)","7,881","34.6"
"CENSUS","2022","END OF DEC","","STATE","KENTUCKY","21","","","","","","","00000000","","CATTLE","CATTLE, COWS, MILK - INVENTORY","INVENTORY OF MILK COWS","INVENTORY OF MILK COWS: (500 OR MORE HEAD)","9,015","(L)"
"CENSUS","2022","END OF DEC","","STATE","KENTUCKY","21","","","","","","","00000000","","CATTLE","CATTLE, COWS, MILK - INVENTORY","INVENTORY OF MILK COWS","INVENTORY OF MILK COWS: (500 TO 999 HEAD)","3,170","(L)"
"CENSUS","2022","END OF DEC","","STATE","LOUISIANA","22","","","","","","","00000000","","CATTLE","CATTLE, COWS, MILK - INVENTORY","INVENTORY OF MILK COWS","INVENTORY OF MILK COWS: (1 TO 9 HEAD)","16","41.1"
"CENSUS","2022","END OF DEC","","STATE","LOUISIANA","22","","","","","","","00000000","","CATTLE","CATTLE, COWS, MILK - INVENTORY","INVENTORY OF MILK COWS","INVENTORY OF MILK COWS: (10 TO 19 HEAD)","245","(H)"
"CENSUS","2022","END OF DEC","","STATE","LOUISIANA","22","","","","","","","00000000","","CATTLE","CATTLE, COWS, MILK - INVENTORY","INVENTORY OF MILK COWS","INVENTORY OF MILK COWS: (100 TO 199 HEAD)","1,429","(H)"
"CENSUS","2022","END OF DEC","","STATE","LOUISIANA","22","","","","","","","00000000","","CATTLE","CATTLE, COWS, MILK - INVENTORY","INVENTORY OF MILK COWS","INVENTORY OF MILK COWS: (20 TO 49 HEAD)","502","45.5"
"CENSUS","2022","END OF DEC","","STATE","LOUISIANA","22","","","","","","","00000000","","CATTLE","CATTLE, COWS, MILK - INVENTORY","INVENTORY OF MILK COWS","INVENTORY OF MILK COWS: (200 TO 499 HEAD)","3,020","36.6"
"CENSUS","2022","END OF DEC","","STATE","LOUISIANA","22","","","","","","","00000000","","CATTLE","CATTLE, COWS, MILK - INVENTORY","INVENTORY OF MILK COWS","INVENTORY OF MILK COWS: (50 TO 99 HEAD)","651","75.0"
"CENSUS","2022","END OF DEC","","STATE","LOUISIANA","22","","","","","","","00000000","","CATTLE","CATTLE, COWS, MILK - INVENTORY","INVENTORY OF MILK COWS","INVENTORY OF MILK COWS: (500 OR MORE HEAD)","1,933","(L)"
"CENSUS","2022","END OF DEC","","STATE","LOUISIANA","22","","","","","","","00000000","","CATTLE","CATTLE, COWS, MILK - INVENTORY","INVENTORY OF MILK COWS","INVENTORY OF MILK COWS: (500 TO 999 HEAD)","1,933","(L)"
"CENSUS","2022","END OF DEC","","STATE","MAINE","23","","","","","","","00000000","","CATTLE","CATTLE, COWS, MILK - INVENTORY","INVENTORY OF MILK COWS","INVENTORY OF MILK COWS: (1 TO 9 HEAD)","373","9.2"
"CENSUS","2022","END OF DEC","","STATE","MAINE","23","","","","","","","00000000","","CATTLE","CATTLE, COWS, MILK - INVENTORY","INVENTORY OF MILK COWS","INVENTORY OF MILK COWS: (1,000 TO 2,499 HEAD)","4,390","(L)"
"CENSUS","2022","END OF DEC","","STATE","MAINE","23","","","","","","","00000000","","CATTLE","CATTLE, COWS, MILK - INVENTORY","INVENTORY OF MILK COWS","INVENTORY OF MILK COWS: (10 TO 19 HEAD)","226","25.8"
"CENSUS","2022","END OF DEC","","STATE","MAINE","23","","","","","","","00000000","","CATTLE","CATTLE, COWS, MILK - INVENTORY","INVENTORY OF MILK COWS","INVENTORY OF MILK COWS: (100 TO 199 HEAD)","3,764","29.3"
"CENSUS","2022","END OF DEC","","STATE","MAINE","23","","","","","","","00000000","","CATTLE","CATTLE, COWS, MILK - INVENTORY","INVENTORY OF MILK COWS","INVENTORY OF MILK COWS: (20 TO 49 HEAD)","1,039","42.0"
"CENSUS","2022","END OF DEC","","STATE","MAINE","23","","","","","","","00000000","","CATTLE","CATTLE, COWS, MILK - INVENTORY","INVENTORY OF MILK COWS","INVENTORY OF MILK COWS: (200 TO 499 HEAD)","6,092","12.9"
"CENSUS","2022","END OF DEC","","STATE","MAINE","23","","","","","","","00000000","","CATTLE","CATTLE, COWS, MILK - INVENTORY","INVENTORY OF MILK COWS","INVENTORY OF MILK COWS: (50 TO 99 HEAD)","2,643","18.5"
"CENSUS","2022","END OF DEC","","STATE","MAINE","23","","","","","","","00000000","","CATTLE","CATTLE, COWS, MILK - INVENTORY","INVENTORY OF MILK COWS","INVENTORY OF MILK COWS: (500 OR MORE HEAD)","10,699","(L)"
"CENSUS","2022","END OF DEC","","STATE","MAINE","23","","","","","","","00000000","","CATTLE","CATTLE, COWS, MILK - INVENTORY","INVENTORY OF MILK COWS","INVENTORY OF MILK COWS: (500 TO 999 HEAD)","6,309","(L)"
"CENSUS","2022","END OF DEC","","STATE","MARYLAND","24","","","","","","","00000000","","CATTLE","CATTLE, COWS, MILK - INVENTORY","INVENTORY OF MILK COWS","INVENTORY OF MILK COWS: (1 TO 9 HEAD)","203","9.1"
"CENSUS","2022","END OF DEC","","STATE","MARYLAND","24","","","","","","","00000000","","CATTLE","CATTLE, COWS, MILK - INVENTORY","INVENTORY OF MILK COWS","INVENTORY OF MILK COWS: (1,000 TO 2,499 HEAD)","6,042","(L)"
"CENSUS","2022","END OF DEC","","STATE","MARYLAND","24","","","","","","","00000000","","CATTLE","CATTLE, COWS, MILK - INVENTORY","INVENTORY OF MILK COWS","INVENTORY OF MILK COWS: (10 TO 19 HEAD)","59","34.3"
"CENSUS","2022","END OF DEC","","STATE","MARYLAND","24","","","","","","","00000000","","CATTLE","CATTLE, COWS, MILK - INVENTORY","INVENTORY OF MILK COWS","INVENTORY OF MILK COWS: (100 TO 199 HEAD)","10,418","7.8"
"CENSUS","2022","END OF DEC","","STATE","MARYLAND","24","","","","","","","00000000","","CATTLE","CATTLE, COWS, MILK - INVENTORY","INVENTORY OF MILK COWS","INVENTORY OF MILK COWS: (20 TO 49 HEAD)","2,114","22.3"
"CENSUS","2022","END OF DEC","","STATE","MARYLAND","24","","","","","","","00000000","","CATTLE","CATTLE, COWS, MILK - INVENTORY","INVENTORY OF MILK COWS","INVENTORY OF MILK COWS: (200 TO 499 HEAD)","9,869","17.5"
"CENSUS","2022","END OF DEC","","STATE","MARYLAND","24","","","","","","","00000000","","CATTLE","CATTLE, COWS, MILK - INVENTORY","INVENTORY OF MILK COWS","INVENTORY OF MILK COWS: (50 TO 99 HEAD)","4,702","14.1"
"CENSUS","2022","END OF DEC","","STATE","MARYLAND","24","","","","","","","00000000","","CATTLE","CATTLE, COWS, MILK - INVENTORY","INVENTORY OF MILK COWS","INVENTORY OF MILK COWS: (500 OR MORE HEAD)","10,925","(L)"
"CENSUS","2022","END OF DEC","","STATE","MARYLAND","24","","","","","","","00000000","","CATTLE","CATTLE, COWS, MILK - INVENTORY","INVENTORY OF MILK COWS","INVENTORY OF MILK COWS: (500 TO 999 HEAD)","4,883","(L)"
"CENSUS","2022","END OF DEC","","STATE","MASSACHUSETTS","25","","","","","","","00000000","","CATTLE","CATTLE, COWS, MILK - INVENTORY","INVENTORY OF MILK COWS","INVENTORY OF MILK COWS: (1 TO 9 HEAD)","145","23.7"
"CENSUS","2022","END OF DEC","","STATE","MASSACHUSETTS","25","","","","","","","00000000","","CATTLE","CATTLE, COWS, MILK - INVENTORY","INVENTORY OF MILK COWS","INVENTORY OF MILK COWS: (10 TO 19 HEAD)"," (D)","(D)"
"CENSUS","2022","END OF DEC","","STATE","MASSACHUSETTS","25","","","","","","","00000000","","CATTLE","CATTLE, COWS, MILK - INVENTORY","INVENTORY OF MILK COWS","INVENTORY OF MILK COWS: (100 TO 199 HEAD)","3,623","15.9"
"CENSUS","2022","END OF DEC","","STATE","MASSACHUSETTS","25","","","","","","","00000000","","CATTLE","CATTLE, COWS, MILK - INVENTORY","INVENTORY OF MILK COWS","INVENTORY OF MILK COWS: (20 TO 49 HEAD)","821","25.2"
"CENSUS","2022","END OF DEC","","STATE","MASSACHUSETTS","25","","","","","","","00000000","","CATTLE","CATTLE, COWS, MILK - INVENTORY","INVENTORY OF MILK COWS","INVENTORY OF MILK COWS: (200 TO 499 HEAD)","3,228","5.9"
"CENSUS","2022","END OF DEC","","STATE","MASSACHUSETTS","25","","","","","","","00000000","","CATTLE","CATTLE, COWS, MILK - INVENTORY","INVENTORY OF MILK COWS","INVENTORY OF MILK COWS: (50 TO 99 HEAD)","1,200","43.0"
"CENSUS","2022","END OF DEC","","STATE","MASSACHUSETTS","25","","","","","","","00000000","","CATTLE","CATTLE, COWS, MILK - INVENTORY","INVENTORY OF MILK COWS","INVENTORY OF MILK COWS: (500 OR MORE HEAD)"," (D)","(D)"
"CENSUS","2022","END OF DEC","","STATE","MASSACHUSETTS","25","","","","","","","00000000","","CATTLE","CATTLE, COWS, MILK - INVENTORY","INVENTORY OF MILK COWS","INVENTORY OF MILK COWS: (500 TO 999 HEAD)"," (D)","(D)"
"CENSUS","2022","END OF DEC","","STATE","MICHIGAN","26","","","","","","","00000000","","CATTLE","CATTLE, COWS, MILK - INVENTORY","INVENTORY OF MILK COWS","INVENTORY OF MILK COWS: (1 TO 9 HEAD)","1,150","7.4"
"CENSUS","2022","END OF DEC","","STATE","MICHIGAN","26","","","","","","","00000000","","CATTLE","CATTLE, COWS, MILK - INVENTORY","INVENTORY OF MILK COWS","INVENTORY OF MILK COWS: (1,000 TO 2,499 HEAD)","97,525","6.1"
"CENSUS","2022","END OF DEC","","STATE","MICHIGAN","26","","","","","","","00000000","","CATTLE","CATTLE, COWS, MILK - INVENTORY","INVENTORY OF MILK COWS","INVENTORY OF MILK COWS: (10 TO 19 HEAD)","423","45.4"
"CENSUS","2022","END OF DEC","","STATE","MICHIGAN","26","","","","","","","00000000","","CATTLE","CATTLE, COWS, MILK - INVENTORY","INVENTORY OF MILK COWS","INVENTORY OF MILK COWS: (100 TO 199 HEAD)","28,279","11.1"
"CENSUS","2022","END OF DEC","","STATE","MICHIGAN","26","","","","","","","00000000","","CATTLE","CATTLE, COWS, MILK - INVENTORY","INVENTORY OF MILK COWS","INVENTORY OF MILK COWS: (2,500 OR MORE HEAD)","166,034","(L)"
"CENSUS","2022","END OF DEC","","STATE","MICHIGAN","26","","","","","","","00000000","","CATTLE","CATTLE, COWS, MILK - INVENTORY","INVENTORY OF MILK COWS","INVENTORY OF MILK COWS: (20 TO 49 HEAD)","4,805","7.9"
"CENSUS","2022","END OF DEC","","STATE","MICHIGAN","26","","","","","","","00000000","","CATTLE","CATTLE, COWS, MILK - INVENTORY","INVENTORY OF MILK COWS","INVENTORY OF MILK COWS: (200 TO 499 HEAD)","74,948","39.8"
"CENSUS","2022","END OF DEC","","STATE","MICHIGAN","26","","","","","","","00000000","","CATTLE","CATTLE, COWS, MILK - INVENTORY","INVENTORY OF MILK COWS","INVENTORY OF MILK COWS: (50 TO 99 HEAD)","9,341","19.3"
"CENSUS","2022","END OF DEC","","STATE","MICHIGAN","26","","","","","","","00000000","","CATTLE","CATTLE, COWS, MILK - INVENTORY","INVENTORY OF MILK COWS","INVENTORY OF MILK COWS: (500 OR MORE HEAD)","317,308","6.0"
"CENSUS","2022","END OF DEC","","STATE","MICHIGAN","26","","","","","","","00000000","","CATTLE","CATTLE, COWS, MILK - INVENTORY","INVENTORY OF MILK COWS","INVENTORY OF MILK COWS: (500 TO 999 HEAD)","53,749","29.4"
"CENSUS","2022","END OF DEC","","STATE","MINNESOTA","27","","","","","","","00000000","","CATTLE","CATTLE, COWS, MILK - INVENTORY","INVENTORY OF MILK COWS","INVENTORY OF MILK COWS: (1 TO 9 HEAD)","966","17.5"
"CENSUS","2022","END OF DEC","","STATE","MINNESOTA","27","","","","","","","00000000","","CATTLE","CATTLE, COWS, MILK - INVENTORY","INVENTORY OF MILK COWS","INVENTORY OF MILK COWS: (1,000 TO 2,499 HEAD)","66,583","3.5"
"CENSUS","2022","END OF DEC","","STATE","MINNESOTA","27","","","","","","","00000000","","CATTLE","CATTLE, COWS, MILK - INVENTORY","INVENTORY OF MILK COWS","INVENTORY OF MILK COWS: (10 TO 19 HEAD)","1,107","31.6"
"CENSUS","2022","END OF DEC","","STATE","MINNESOTA","27","","","","","","","00000000","","CATTLE","CATTLE, COWS, MILK - INVENTORY","INVENTORY OF MILK COWS","INVENTORY OF MILK COWS: (100 TO 199 HEAD)","54,967","11.6"
"CENSUS","2022","END OF DEC","","STATE","MINNESOTA","27","","","","","","","00000000","","CATTLE","CATTLE, COWS, MILK - INVENTORY","INVENTORY OF MILK COWS","INVENTORY OF MILK COWS: (2,500 OR MORE HEAD)","100,897","(L)"
"CENSUS","2022","END OF DEC","","STATE","MINNESOTA","27","","","","","","","00000000","","CATTLE","CATTLE, COWS, MILK - INVENTORY","INVENTORY OF MILK COWS","INVENTORY OF MILK COWS: (20 TO 49 HEAD)","8,110","16.1"
"CENSUS","2022","END OF DEC","","STATE","MINNESOTA","27","","","","","","","00000000","","CATTLE","CATTLE, COWS, MILK - INVENTORY","INVENTORY OF MILK COWS","INVENTORY OF MILK COWS: (200 TO 499 HEAD)","119,479","26.8"
"CENSUS","2022","END OF DEC","","STATE","MINNESOTA","27","","","","","","","00000000","","CATTLE","CATTLE, COWS, MILK - INVENTORY","INVENTORY OF MILK COWS","INVENTORY OF MILK COWS: (50 TO 99 HEAD)","41,268","20.8"
"CENSUS","2022","END OF DEC","","STATE","MINNESOTA","27","","","","","","","00000000","","CATTLE","CATTLE, COWS, MILK - INVENTORY","INVENTORY OF MILK COWS","INVENTORY OF MILK COWS: (500 OR MORE HEAD)","233,639","8.2"
"CENSUS","2022","END OF DEC","","STATE","MINNESOTA","27","","","","","","","00000000","","CATTLE","CATTLE, COWS, MILK - INVENTORY","INVENTORY OF MILK COWS","INVENTORY OF MILK COWS: (500 TO 999 HEAD)","66,159","29.5"
"CENSUS","2022","END OF DEC","","STATE","MISSISSIPPI","28","","","","","","","00000000","","CATTLE","CATTLE, COWS, MILK - INVENTORY","INVENTORY OF MILK COWS","INVENTORY OF MILK COWS: (1 TO 9 HEAD)","12","(L)"
"CENSUS","2022","END OF DEC","","STATE","MISSISSIPPI","28","","","","","","","00000000","","CATTLE","CATTLE, COWS, MILK - INVENTORY","INVENTORY OF MILK COWS","INVENTORY OF MILK COWS: (100 TO 199 HEAD)","2,053","62.8"
"CENSUS","2022","END OF DEC","","STATE","MISSISSIPPI","28","","","","","","","00000000","","CATTLE","CATTLE, COWS, MILK - INVENTORY","INVENTORY OF MILK COWS","INVENTORY OF MILK COWS: (20 TO 49 HEAD)"," (D)","(D)"
"CENSUS","2022","END OF DEC","","STATE","MISSISSIPPI","28","","","","","","","00000000","","CATTLE","CATTLE, COWS, MILK - INVENTORY","INVENTORY OF MILK COWS","INVENTORY OF MILK COWS: (200 TO 499 HEAD)","2,420","26.6"
"CENSUS","2022","END OF DEC","","STATE","MISSISSIPPI","28","","","","","","","00000000","","CATTLE","CATTLE, COWS, MILK - INVENTORY","INVENTORY OF MILK COWS","INVENTORY OF MILK COWS: (50 TO 99 HEAD)","644","68.6"
"CENSUS","2022","END OF DEC","","STATE","MISSISSIPPI","28","","","","","","","00000000","","CATTLE","CATTLE, COWS, MILK - INVENTORY","INVENTORY OF MILK COWS","INVENTORY OF MILK COWS: (500 OR MORE HEAD)"," (D)","(D)"
"CENSUS","2022","END OF DEC","","STATE","MISSISSIPPI","28","","","","","","","00000000","","CATTLE","CATTLE, COWS, MILK - INVENTORY","INVENTORY OF MILK COWS","INVENTORY OF MILK COWS: (500 TO 999 HEAD)"," (D)","(D)"
"CENSUS","2022","END OF DEC","","STATE","MISSOURI","29","","","","","","","00000000","","CATTLE","CATTLE, COWS, MILK - INVENTORY","INVENTORY OF MILK COWS","INVENTORY OF MILK COWS: (1 TO 9 HEAD)","2,707","5.7"
"CENSUS","2022","END OF DEC","","STATE","MISSOURI","29","","","","","","","00000000","","CATTLE","CATTLE, COWS, MILK - INVENTORY","INVENTORY OF MILK COWS","INVENTORY OF MILK COWS: (1,000 TO 2,499 HEAD)","4,496","(L)"
"CENSUS","2022","END OF DEC","","STATE","MISSOURI","29","","","","","","","00000000","","CATTLE","CATTLE, COWS, MILK - INVENTORY","INVENTORY OF MILK COWS","INVENTORY OF MILK COWS: (10 TO 19 HEAD)","1,161","16.3"
"CENSUS","2022","END OF DEC","","STATE","MISSOURI","29","","","","","","","00000000","","CATTLE","CATTLE, COWS, MILK - INVENTORY","INVENTORY OF MILK COWS","INVENTORY OF MILK COWS: (100 TO 199 HEAD)","15,899","17.6"
"CENSUS","2022","END OF DEC","","STATE","MISSOURI","29","","","","","","","00000000","","CATTLE","CATTLE, COWS, MILK - INVENTORY","INVENTORY OF MILK COWS","INVENTORY OF MILK COWS: (2,500 OR MORE HEAD)","15,720","(L)"
"CENSUS","2022","END OF DEC","","STATE","MISSOURI","29","","","","","","","00000000","","CATTLE","CATTLE, COWS, MILK - INVENTORY","INVENTORY OF MILK COWS","INVENTORY OF MILK COWS: (20 TO 49 HEAD)","3,205","10.4"
"CENSUS","2022","END OF DEC","","STATE","MISSOURI","29","","","","","","","00000000","","CATTLE","CATTLE, COWS, MILK - INVENTORY","INVENTORY OF MILK COWS","INVENTORY OF MILK COWS: (200 TO 499 HEAD)","9,219","23.8"
"CENSUS","2022","END OF DEC","","STATE","MISSOURI","29","","","","","","","00000000","","CATTLE","CATTLE, COWS, MILK - INVENTORY","INVENTORY OF MILK COWS","INVENTORY OF MILK COWS: (50 TO 99 HEAD)","9,028","43.0"
"CENSUS","2022","END OF DEC","","STATE","MISSOURI","29","","","","","","","00000000","","CATTLE","CATTLE, COWS, MILK - INVENTORY","INVENTORY OF MILK COWS","INVENTORY OF MILK COWS: (500 OR MORE HEAD)","22,663","(L)"
"CENSUS","2022","END OF DEC","","STATE","MISSOURI","29","","","","","","","00000000","","CATTLE","CATTLE, COWS, MILK - INVENTORY","INVENTORY OF MILK COWS","INVENTORY OF MILK COWS: (500 TO 999 HEAD)","2,447","(L)"
"CENSUS","2022","END OF DEC","","STATE","MONTANA","30","","","","","","","00000000","","CATTLE","CATTLE, COWS, MILK - INVENTORY","INVENTORY OF MILK COWS","INVENTORY OF MILK COWS: (1 TO 9 HEAD)","437","4.9"
"CENSUS","2022","END OF DEC","","STATE","MONTANA","30","","","","","","","00000000","","CATTLE","CATTLE, COWS, MILK - INVENTORY","INVENTORY OF MILK COWS","INVENTORY OF MILK COWS: (1,000 TO 2,499 HEAD)"," (D)","(D)"
"CENSUS","2022","END OF DEC","","STATE","MONTANA","30","","","","","","","00000000","","CATTLE","CATTLE, COWS, MILK - INVENTORY","INVENTORY OF MILK COWS","INVENTORY OF MILK COWS: (100 TO 199 HEAD)","2,524","4.5"
"CENSUS","2022","END OF DEC","","STATE","MONTANA","30","","","","","","","00000000","","CATTLE","CATTLE, COWS, MILK - INVENTORY","INVENTORY OF MILK COWS","INVENTORY OF MILK COWS: (20 TO 49 HEAD)"," (D)","(D)"
"CENSUS","2022","END OF DEC","","STATE","MONTANA","30","","","","","","","00000000","","CATTLE","CATTLE, COWS, MILK - INVENTORY","INVENTORY OF MILK COWS","INVENTORY OF MILK COWS: (200 TO 499 HEAD)","3,477","(L)"
"CENSUS","2022","END OF DEC","","STATE","MONTANA","30","","","","","","","00000000","","CATTLE","CATTLE, COWS, MILK - INVENTORY","INVENTORY OF MILK COWS","INVENTORY OF MILK COWS: (50 TO 99 HEAD)"," (D)","(D)"
"CENSUS","2022","END OF DEC","","STATE","MONTANA","30","","","","","","","00000000","","CATTLE","CATTLE, COWS, MILK - INVENTORY","INVENTORY OF MILK COWS","INVENTORY OF MILK COWS: (500 OR MORE HEAD)","3,430","(L)"
"CENSUS","2022","END OF DEC","","STATE","MONTANA","30","","","","","","","00000000","","CATTLE","CATTLE, COWS, MILK - INVENTORY","INVENTORY OF MILK COWS","INVENTORY OF MILK COWS: (500 TO 999 HEAD)"," (D)","(D)"
"CENSUS","2022","END OF DEC","","STATE","NEBRASKA","31","","","","","","","00000000","","CATTLE","CATTLE, COWS, MILK - INVENTORY","INVENTORY OF MILK COWS","INVENTORY OF MILK COWS: (1 TO 9 HEAD)","503","12.9"
"CENSUS","2022","END OF DEC","","STATE","NEBRASKA","31","","","","","","","00000000","","CATTLE","CATTLE, COWS, MILK - INVENTORY","INVENTORY OF MILK COWS","INVENTORY OF MILK COWS: (1,000 TO 2,499 HEAD)","14,180","22.9"
"CENSUS","2022","END OF DEC","","STATE","NEBRASKA","31","","","","","","","00000000","","CATTLE","CATTLE, COWS, MILK - INVENTORY","INVENTORY OF MILK COWS","INVENTORY OF MILK COWS: (10 TO 19 HEAD)","176","19.3"
"CENSUS","2022","END OF DEC","","STATE","NEBRASKA","31","","","","","","","00000000","","CATTLE","CATTLE, COWS, MILK - INVENTORY","INVENTORY OF MILK COWS","INVENTORY OF MILK COWS: (100 TO 199 HEAD)","2,570","27.2"
"CENSUS","2022","END OF DEC","","STATE","NEBRASKA","31","","","","","","","00000000","","CATTLE","CATTLE, COWS, MILK - INVENTORY","INVENTORY OF MILK COWS","INVENTORY OF MILK COWS: (2,500 OR MORE HEAD)","26,900","(L)"
"CENSUS","2022","END OF DEC","","STATE","NEBRASKA","31","","","","","","","00000000","","CATTLE","CATTLE, COWS, MILK - INVENTORY","INVENTORY OF MILK COWS","INVENTORY OF MILK COWS: (20 TO 49 HEAD)","508","(L)"
"CENSUS","2022","END OF DEC","","STATE","NEBRASKA","31","","","","","","","00000000","","CATTLE","CATTLE, COWS, MILK - INVENTORY","INVENTORY OF MILK COWS","INVENTORY OF MILK COWS: (200 TO 499 HEAD)","3,955","(H)"
"CENSUS","2022","END OF DEC","","STATE","NEBRASKA","31","","","","","","","00000000","","CATTLE","CATTLE, COWS, MILK - INVENTORY","INVENTORY OF MILK COWS","INVENTORY OF MILK COWS: (50 TO 99 HEAD)","1,044","31.6"
"CENSUS","2022","END OF DEC","","STATE","NEBRASKA","31","","","","","","","00000000","","CATTLE","CATTLE, COWS, MILK - INVENTORY","INVENTORY OF MILK COWS","INVENTORY OF MILK COWS: (500 OR MORE HEAD)","48,280","21.5"
"CENSUS","2022","END OF DEC","","STATE","NEBRASKA","31","","","","","","","00000000","","CATTLE","CATTLE, COWS, MILK - INVENTORY","INVENTORY OF MILK COWS","INVENTORY OF MILK COWS: (500 TO 999 HEAD)","7,200","(H)"
"CENSUS","2022","END OF DEC","","STATE","NEVADA","32","","","","","","","00000000","","CATTLE","CATTLE, COWS, MILK - INVENTORY","INVENTORY OF MILK COWS","INVENTORY OF MILK COWS: (1 TO 9 HEAD)"," (D)","(D)"
"CENSUS","2022","END OF DEC","","STATE","NEVADA","32","","","","","","","00000000","","CATTLE","CATTLE, COWS, MILK - INVENTORY","INVENTORY OF MILK COWS","INVENTORY OF MILK COWS: (1,000 TO 2,499 HEAD)","6,215","(L)"
"CENSUS","2022","END OF DEC","","STATE","NEVADA","32","","","","","","","00000000","","CATTLE","CATTLE, COWS, MILK - INVENTORY","INVENTORY OF MILK COWS","INVENTORY OF MILK COWS: (100 TO 199 HEAD)"," (D)","(D)"
"CENSUS","2022","END OF DEC","","STATE","NEVADA","32","","","","","","","00000000","","CATTLE","CATTLE, COWS, MILK - INVENTORY","INVENTORY OF MILK COWS","INVENTORY OF MILK COWS: (2,500 OR MORE HEAD)","21,468","(L)"
"CENSUS","2022","END OF DEC","","STATE","NEVADA","32","","","","","","","00000000","","CATTLE","CATTLE, COWS, MILK - INVENTORY","INVENTORY OF MILK COWS","INVENTORY OF MILK COWS: (20 TO 49 HEAD)"," (D)","(D)"
"CENSUS","2022","END OF DEC","","STATE","NEVADA","32","","","","","","","00000000","","CATTLE","CATTLE, COWS, MILK - INVENTORY","INVENTORY OF MILK COWS","INVENTORY OF MILK COWS: (200 TO 499 HEAD)","1,215","71.6"
"CENSUS","2022","END OF DEC","","STATE","NEVADA","32","","","","","","","00000000","","CATTLE","CATTLE, COWS, MILK - INVENTORY","INVENTORY OF MILK COWS","INVENTORY OF MILK COWS: (500 OR MORE HEAD)","30,463","(L)"
"CENSUS","2022","END OF DEC","","STATE","NEVADA","32","","","","","","","00000000","","CATTLE","CATTLE, COWS, MILK - INVENTORY","INVENTORY OF MILK COWS","INVENTORY OF MILK COWS: (500 TO 999 HEAD)","2,780","(L)"
"CENSUS","2022","END OF DEC","","STATE","NEW HAMPSHIRE","33","","","","","","","00000000","","CATTLE","CATTLE, COWS, MILK - INVENTORY","INVENTORY OF MILK COWS","INVENTORY OF MILK COWS: (1 TO 9 HEAD)","115","21.9"
"CENSUS","2022","END OF DEC","","STATE","NEW HAMPSHIRE","33","","","","","","","00000000","","CATTLE","CATTLE, COWS, MILK - INVENTORY","INVENTORY OF MILK COWS","INVENTORY OF MILK COWS: (1,000 TO 2,499 HEAD)"," (D)","(D)"
"CENSUS","2022","END OF DEC","","STATE","NEW HAMPSHIRE","33","","","","","","","00000000","","CATTLE","CATTLE, COWS, MILK - INVENTORY","INVENTORY OF MILK COWS","INVENTORY OF MILK COWS: (10 TO 19 HEAD)","115","28.6"
"CENSUS","2022","END OF DEC","","STATE","NEW HAMPSHIRE","33","","","","","","","00000000","","CATTLE","CATTLE, COWS, MILK - INVENTORY","INVENTORY OF MILK COWS","INVENTORY OF MILK COWS: (100 TO 199 HEAD)","1,865","(L)"
"CENSUS","2022","END OF DEC","","STATE","NEW HAMPSHIRE","33","","","","","","","00000000","","CATTLE","CATTLE, COWS, MILK - INVENTORY","INVENTORY OF MILK COWS","INVENTORY OF MILK COWS: (20 TO 49 HEAD)","557","27.7"
"CENSUS","2022","END OF DEC","","STATE","NEW HAMPSHIRE","33","","","","","","","00000000","","CATTLE","CATTLE, COWS, MILK - INVENTORY","INVENTORY OF MILK COWS","INVENTORY OF MILK COWS: (200 TO 499 HEAD)","2,758","(L)"
"CENSUS","2022","END OF DEC","","STATE","NEW HAMPSHIRE","33","","","","","","","00000000","","CATTLE","CATTLE, COWS, MILK - INVENTORY","INVENTORY OF MILK COWS","INVENTORY OF MILK COWS: (50 TO 99 HEAD)","2,044","13.4"
"CENSUS","2022","END OF DEC","","STATE","NEW HAMPSHIRE","33","","","","","","","00000000","","CATTLE","CATTLE, COWS, MILK - INVENTORY","INVENTORY OF MILK COWS","INVENTORY OF MILK COWS: (500 OR MORE HEAD)","3,023","(L)"
"CENSUS","2022","END OF DEC","","STATE","NEW HAMPSHIRE","33","","","","","","","00000000","","CATTLE","CATTLE, COWS, MILK - INVENTORY","INVENTORY OF MILK COWS","INVENTORY OF MILK COWS: (500 TO 999 HEAD)"," (D)","(D)"
"CENSUS","2022","END OF DEC","","STATE","NEW JERSEY","34","","","","","","","00000000","","CATTLE","CATTLE, COWS, MILK - INVENTORY","INVENTORY OF MILK COWS","INVENTORY OF MILK COWS: (1 TO 9 HEAD)","124","19.3"
"CENSUS","2022","END OF DEC","","STATE","NEW JERSEY","34","","","","","","","00000000","","CATTLE","CATTLE, COWS, MILK - INVENTORY","INVENTORY OF MILK COWS","INVENTORY OF MILK COWS: (10 TO 19 HEAD)","52","54.7"
"CENSUS","2022","END OF DEC","","STATE","NEW JERSEY","34","","","","","","","00000000","","CATTLE","CATTLE, COWS, MILK - INVENTORY","INVENTORY OF MILK COWS","INVENTORY OF MILK COWS: (100 TO 199 HEAD)","1,327","(L)"
"CENSUS","2022","END OF DEC","","STATE","NEW JERSEY","34","","","","","","","00000000","","CATTLE","CATTLE, COWS, MILK - INVENTORY","INVENTORY OF MILK COWS","INVENTORY OF MILK COWS: (20 TO 49 HEAD)","348","58.9"
"CENSUS","2022","END OF DEC","","STATE","NEW JERSEY","34","","","","","","","00000000","","CATTLE","CATTLE, COWS, MILK - INVENTORY","INVENTORY OF MILK COWS","INVENTORY OF MILK COWS: (200 TO 499 HEAD)"," (D)","(D)"
"CENSUS","2022","END OF DEC","","STATE","NEW JERSEY","34","","","","","","","00000000","","CATTLE","CATTLE, COWS, MILK - INVENTORY","INVENTORY OF MILK COWS","INVENTORY OF MILK COWS: (50 TO 99 HEAD)","1,264","30.4"
"CENSUS","2022","END OF DEC","","STATE","NEW JERSEY","34","","","","","","","00000000","","CATTLE","CATTLE, COWS, MILK - INVENTORY","INVENTORY OF MILK COWS","INVENTORY OF MILK COWS: (500 OR MORE HEAD)"," (D)","(D)"
"CENSUS","2022","END OF DEC","","STATE","NEW JERSEY","34","","","","","","","00000000","","CATTLE","CATTLE, COWS, MILK - INVENTORY","INVENTORY OF MILK COWS","INVENTORY OF MILK COWS: (500 TO 999 HEAD)"," (D)","(D)"
"CENSUS","2022","END OF DEC","","STATE","NEW MEXICO","35","","","","","","","00000000","","CATTLE","CATTLE, COWS, MILK - INVENTORY","INVENTORY OF MILK COWS","INVENTORY OF MILK COWS: (1 TO 9 HEAD)","280","5.6"
"CENSUS","2022","END OF DEC","","STATE","NEW MEXICO","35","","","","","","","00000000","","CATTLE","CATTLE, COWS, MILK - INVENTORY","INVENTORY OF MILK COWS","INVENTORY OF MILK COWS: (1,000 TO 2,499 HEAD)"," (D)","(D)"
"CENSUS","2022","END OF DEC","","STATE","NEW MEXICO","35","","","","","","","00000000","","CATTLE","CATTLE, COWS, MILK - INVENTORY","INVENTORY OF MILK COWS","INVENTORY OF MILK COWS: (10 TO 19 HEAD)","31","43.3"
"CENSUS","2022","END OF DEC","","STATE","NEW MEXICO","35","","","","","","","00000000","","CATTLE","CATTLE, COWS, MILK - INVENTORY","INVENTORY OF MILK COWS","INVENTORY OF MILK COWS: (2,500 OR MORE HEAD)","252,919","(L)"
"CENSUS","2022","END OF DEC","","STATE","NEW MEXICO","35","","","","","","","00000000","","CATTLE","CATTLE, COWS, MILK - INVENTORY","INVENTORY OF MILK COWS","INVENTORY OF MILK COWS: (200 TO 499 HEAD)","1,192","82.0"
"CENSUS","2022","END OF DEC","","STATE","NEW MEXICO","35","","","","","","","00000000","","CATTLE","CATTLE, COWS, MILK - INVENTORY","INVENTORY OF MILK COWS","INVENTORY OF MILK COWS: (500 OR MORE HEAD)","280,066","(L)"
"CENSUS","2022","END OF DEC","","STATE","NEW MEXICO","35","","","","","","","00000000","","CATTLE","CATTLE, COWS, MILK - INVENTORY","INVENTORY OF MILK COWS","INVENTORY OF MILK COWS: (500 TO 999 HEAD)"," (D)","(D)"
"CENSUS","2022","END OF DEC","","STATE","NEW YORK","36","","","","","","","00000000","","CATTLE","CATTLE, COWS, MILK - INVENTORY","INVENTORY OF MILK COWS","INVENTORY OF MILK COWS: (1 TO 9 HEAD)","1,583","7.0"
"CENSUS","2022","END OF DEC","","STATE","NEW YORK","36","","","","","","","00000000","","CATTLE","CATTLE, COWS, MILK - INVENTORY","INVENTORY OF MILK COWS","INVENTORY OF MILK COWS: (1,000 TO 2,499 HEAD)","178,875","4.1"
"CENSUS","2022","END OF DEC","","STATE","NEW YORK","36","","","","","","","00000000","","CATTLE","CATTLE, COWS, MILK - INVENTORY","INVENTORY OF MILK COWS","INVENTORY OF MILK COWS: (10 TO 19 HEAD)","2,117","8.2"
"CENSUS","2022","END OF DEC","","STATE","NEW YORK","36","","","","","","","00000000","","CATTLE","CATTLE, COWS, MILK - INVENTORY","INVENTORY OF MILK COWS","INVENTORY OF MILK COWS: (100 TO 199 HEAD)","34,826","6.3"
"CENSUS","2022","END OF DEC","","STATE","NEW YORK","36","","","","","","","00000000","","CATTLE","CATTLE, COWS, MILK - INVENTORY","INVENTORY OF MILK COWS","INVENTORY OF MILK COWS: (2,500 OR MORE HEAD)","137,510","(L)"
"CENSUS","2022","END OF DEC","","STATE","NEW YORK","36","","","","","","","00000000","","CATTLE","CATTLE, COWS, MILK - INVENTORY","INVENTORY OF MILK COWS","INVENTORY OF MILK COWS: (20 TO 49 HEAD)","16,426","7.6"
"CENSUS","2022","END OF DEC","","STATE","NEW YORK","36","","","","","","","00000000","","CATTLE","CATTLE, COWS, MILK - INVENTORY","INVENTORY OF MILK COWS","INVENTORY OF MILK COWS: (200 TO 499 HEAD)","106,616","11.7"
"CENSUS","2022","END OF DEC","","STATE","NEW YORK","36","","","","","","","00000000","","CATTLE","CATTLE, COWS, MILK - INVENTORY","INVENTORY OF MILK COWS","INVENTORY OF MILK COWS: (50 TO 99 HEAD)","44,613","8.5"
"CENSUS","2022","END OF DEC","","STATE","NEW YORK","36","","","","","","","00000000","","CATTLE","CATTLE, COWS, MILK - INVENTORY","INVENTORY OF MILK COWS","INVENTORY OF MILK COWS: (500 OR MORE HEAD)","425,018","3.0"
"CENSUS","2022","END OF DEC","","STATE","NEW YORK","36","","","","","","","00000000","","CATTLE","CATTLE, COWS, MILK - INVENTORY","INVENTORY OF MILK COWS","INVENTORY OF MILK COWS: (500 TO 999 HEAD)","108,633","7.9"
"CENSUS","2022","END OF DEC","","STATE","NORTH CAROLINA","37","","","","","","","00000000","","CATTLE","CATTLE, COWS, MILK - INVENTORY","INVENTORY OF MILK COWS","INVENTORY OF MILK COWS: (1 TO 9 HEAD)","653","8.3"
"CENSUS","2022","END OF DEC","","STATE","NORTH CAROLINA","37","","","","","","","00000000","","CATTLE","CATTLE, COWS, MILK - INVENTORY","INVENTORY OF MILK COWS","INVENTORY OF MILK COWS: (1,000 TO 2,499 HEAD)","8,728","(L)"
"CENSUS","2022","END OF DEC","","STATE","NORTH CAROLINA","37","","","","","","","00000000","","CATTLE","CATTLE, COWS, MILK - INVENTORY","INVENTORY OF MILK COWS","INVENTORY OF MILK COWS: (10 TO 19 HEAD)","237","29.4"
"CENSUS","2022","END OF DEC","","STATE","NORTH CAROLINA","37","","","","","","","00000000","","CATTLE","CATTLE, COWS, MILK - INVENTORY","INVENTORY OF MILK COWS","INVENTORY OF MILK COWS: (100 TO 199 HEAD)","4,660","8.9"
"CENSUS","2022","END OF DEC","","STATE","NORTH CAROLINA","37","","","","","","","00000000","","CATTLE","CATTLE, COWS, MILK - INVENTORY","INVENTORY OF MILK COWS","INVENTORY OF MILK COWS: (2,500 OR MORE HEAD)"," (D)","(D)"
"CENSUS","2022","END OF DEC","","STATE","NORTH CAROLINA","37","","","","","","","00000000","","CATTLE","CATTLE, COWS, MILK - INVENTORY","INVENTORY OF MILK COWS","INVENTORY OF MILK COWS: (20 TO 49 HEAD)","919","33.0"
"CENSUS","2022","END OF DEC","","STATE","NORTH CAROLINA","37","","","","","","","00000000","","CATTLE","CATTLE, COWS, MILK - INVENTORY","INVENTORY OF MILK COWS","INVENTORY OF MILK COWS: (200 TO 499 HEAD)","8,703","31.2"
"CENSUS","2022","END OF DEC","","STATE","NORTH CAROLINA","37","","","","","","","00000000","","CATTLE","CATTLE, COWS, MILK - INVENTORY","INVENTORY OF MILK COWS","INVENTORY OF MILK COWS: (50 TO 99 HEAD)","858","45.2"
"CENSUS","2022","END OF DEC","","STATE","NORTH CAROLINA","37","","","","","","","00000000","","CATTLE","CATTLE, COWS, MILK - INVENTORY","INVENTORY OF MILK COWS","INVENTORY OF MILK COWS: (500 OR MORE HEAD)","23,498","2.5"
"CENSUS","2022","END OF DEC","","STATE","NORTH CAROLINA","37","","","","","","","00000000","","CATTLE","CATTLE, COWS, MILK - INVENTORY","INVENTORY OF MILK COWS","INVENTORY OF MILK COWS: (500 TO 999 HEAD)"," (D)","(D)"
"CENSUS","2022","END OF DEC","","STATE","NORTH DAKOTA","38","","","","","","","00000000","","CATTLE","CATTLE, COWS, MILK - INVENTORY","INVENTORY OF MILK COWS","INVENTORY OF MILK COWS: (1 TO 9 HEAD)","123","9.4"
"CENSUS","2022","END OF DEC","","STATE","NORTH DAKOTA","38","","","","","","","00000000","","CATTLE","CATTLE, COWS, MILK - INVENTORY","INVENTORY OF MILK COWS","INVENTORY OF MILK COWS: (1,000 TO 2,499 HEAD)","5,920","(L)"
"CENSUS","2022","END OF DEC","","STATE","NORTH DAKOTA","38","","","","","","","00000000","","CATTLE","CATTLE, COWS, MILK - INVENTORY","INVENTORY OF MILK COWS","INVENTORY OF MILK COWS: (10 TO 19 HEAD)","66","(L)"
"CENSUS","2022","END OF DEC","","STATE","NORTH DAKOTA","38","","","","","","","00000000","","CATTLE","CATTLE, COWS, MILK - INVENTORY","INVENTORY OF MILK COWS","INVENTORY OF MILK COWS: (100 TO 199 HEAD)","979","63.4"
"CENSUS","2022","END OF DEC","","STATE","NORTH DAKOTA","38","","","","","","","00000000","","CATTLE","CATTLE, COWS, MILK - INVENTORY","INVENTORY OF MILK COWS","INVENTORY OF MILK COWS: (20 TO 49 HEAD)","242","34.7"
"CENSUS","2022","END OF DEC","","STATE","NORTH DAKOTA","38","","","","","","","00000000","","CATTLE","CATTLE, COWS, MILK - INVENTORY","INVENTORY OF MILK COWS","INVENTORY OF MILK COWS: (200 TO 499 HEAD)","2,580","85.5"
"CENSUS","2022","END OF DEC","","STATE","NORTH DAKOTA","38","","","","","","","00000000","","CATTLE","CATTLE, COWS, MILK - INVENTORY","INVENTORY OF MILK COWS","INVENTORY OF MILK COWS: (50 TO 99 HEAD)","894","9.7"
"CENSUS","2022","END OF DEC","","STATE","NORTH DAKOTA","38","","","","","","","00000000","","CATTLE","CATTLE, COWS, MILK - INVENTORY","INVENTORY OF MILK COWS","INVENTORY OF MILK COWS: (500 OR MORE HEAD)","9,307","(L)"
"CENSUS","2022","END OF DEC","","STATE","NORTH DAKOTA","38","","","","","","","00000000","","CATTLE","CATTLE, COWS, MILK - INVENTORY","INVENTORY OF MILK COWS","INVENTORY OF MILK COWS: (500 TO 999 HEAD)","3,387","(L)"
"CENSUS","2022","END OF DEC","","STATE","OHIO","39","","","","","","","00000000","","CATTLE","CATTLE, COWS, MILK - INVENTORY","INVENTORY OF MILK COWS","INVENTORY OF MILK COWS: (1 TO 9 HEAD)","1,987","3.1"
"CENSUS","2022","END OF DEC","","STATE","OHIO","39","","","","","","","00000000","","CATTLE","CATTLE, COWS, MILK - INVENTORY","INVENTORY OF MILK COWS","INVENTORY OF MILK COWS: (1,000 TO 2,499 HEAD)","50,058","2.4"
"CENSUS","2022","END OF DEC","","STATE","OHIO","39","","","","","","","00000000","","CATTLE","CATTLE, COWS, MILK - INVENTORY","INVENTORY OF MILK COWS","INVENTORY OF MILK COWS: (10 TO 19 HEAD)","1,340","13.8"
"CENSUS","2022","END OF DEC","","STATE","OHIO","39","","","","","","","00000000","","CATTLE","CATTLE, COWS, MILK - INVENTORY","INVENTORY OF MILK COWS","INVENTORY OF MILK COWS: (100 TO 199 HEAD)","33,766","2.3"
"CENSUS","2022","END OF DEC","","STATE","OHIO","39","","","","","","","00000000","","CATTLE","CATTLE, COWS, MILK - INVENTORY","INVENTORY OF MILK COWS","INVENTORY OF MILK COWS: (2,500 OR MORE HEAD)","45,539","(L)"
"CENSUS","2022","END OF DEC","","STATE","OHIO","39","","","","","","","00000000","","CATTLE","CATTLE, COWS, MILK - INVENTORY","INVENTORY OF MILK COWS","INVENTORY OF MILK COWS: (20 TO 49 HEAD)","11,504","4.0"
"CENSUS","2022","END OF DEC","","STATE","OHIO","39","","","","","","","00000000","","CATTLE","CATTLE, COWS, MILK - INVENTORY","INVENTORY OF MILK COWS","INVENTORY OF MILK COWS: (200 TO 499 HEAD)","54,961","4.9"
"CENSUS","2022","END OF DEC","","STATE","OHIO","39","","","","","","","00000000","","CATTLE","CATTLE, COWS, MILK - INVENTORY","INVENTORY OF MILK COWS","INVENTORY OF MILK COWS: (50 TO 99 HEAD)","21,976","4.7"
"CENSUS","2022","END OF DEC","","STATE","OHIO","39","","","","","","","00000000","","CATTLE","CATTLE, COWS, MILK - INVENTORY","INVENTORY OF MILK COWS","INVENTORY OF MILK COWS: (500 OR MORE HEAD)","122,209","1.3"
"CENSUS","2022","END OF DEC","","STATE","OHIO","39","","","","","","","00000000","","CATTLE","CATTLE, COWS, MILK - INVENTORY","INVENTORY OF MILK COWS","INVENTORY OF MILK COWS: (500 TO 999 HEAD)","26,612","5.4"
"CENSUS","2022","END OF DEC","","STATE","OKLAHOMA","40","","","","","","","00000000","","CATTLE","CATTLE, COWS, MILK - INVENTORY","INVENTORY OF MILK COWS","INVENTORY OF MILK COWS: (1 TO 9 HEAD)","553","11.6"
"CENSUS","2022","END OF DEC","","STATE","OKLAHOMA","40","","","","","","","00000000","","CATTLE","CATTLE, COWS, MILK - INVENTORY","INVENTORY OF MILK COWS","INVENTORY OF MILK COWS: (1,000 TO 2,499 HEAD)"," (D)","(D)"
"CENSUS","2022","END OF DEC","","STATE","OKLAHOMA","40","","","","","","","00000000","","CATTLE","CATTLE, COWS, MILK - INVENTORY","INVENTORY OF MILK COWS","INVENTORY OF MILK COWS: (10 TO 19 HEAD)","434","8.8"
"CENSUS","2022","END OF DEC","","STATE","OKLAHOMA","40","","","","","","","00000000","","CATTLE","CATTLE, COWS, MILK - INVENTORY","INVENTORY OF MILK COWS","INVENTORY OF MILK COWS: (100 TO 199 HEAD)","5,812","3.6"
"CENSUS","2022","END OF DEC","","STATE","OKLAHOMA","40","","","","","","","00000000","","CATTLE","CATTLE, COWS, MILK - INVENTORY","INVENTORY OF MILK COWS","INVENTORY OF MILK COWS: (2,500 OR MORE HEAD)","23,800","(L)"
"CENSUS","2022","END OF DEC","","STATE","OKLAHOMA","40","","","","","","","00000000","","CATTLE","CATTLE, COWS, MILK - INVENTORY","INVENTORY OF MILK COWS","INVENTORY OF MILK COWS: (20 TO 49 HEAD)","470","18.5"
"CENSUS","2022","END OF DEC","","STATE","OKLAHOMA","40","","","","","","","00000000","","CATTLE","CATTLE, COWS, MILK - INVENTORY","INVENTORY OF MILK COWS","INVENTORY OF MILK COWS: (200 TO 499 HEAD)","2,855","12.7"
"CENSUS","2022","END OF DEC","","STATE","OKLAHOMA","40","","","","","","","00000000","","CATTLE","CATTLE, COWS, MILK - INVENTORY","INVENTORY OF MILK COWS","INVENTORY OF MILK COWS: (50 TO 99 HEAD)","1,535","12.5"
"CENSUS","2022","END OF DEC","","STATE","OKLAHOMA","40","","","","","","","00000000","","CATTLE","CATTLE, COWS, MILK - INVENTORY","INVENTORY OF MILK COWS","INVENTORY OF MILK COWS: (500 OR MORE HEAD)","29,028","(L)"
"CENSUS","2022","END OF DEC","","STATE","OKLAHOMA","40","","","","","","","00000000","","CATTLE","CATTLE, COWS, MILK - INVENTORY","INVENTORY OF MILK COWS","INVENTORY OF MILK COWS: (500 TO 999 HEAD)"," (D)","(D)"
"CENSUS","2022","END OF DEC","","STATE","OREGON","41","","","","","","","00000000","","CATTLE","CATTLE, COWS, MILK - INVENTORY","INVENTORY OF MILK COWS","INVENTORY OF MILK COWS: (1 TO 9 HEAD)","734","9.0"
"CENSUS","2022","END OF DEC","","STATE","OREGON","41","","","","","","","00000000","","CATTLE","CATTLE, COWS, MILK - INVENTORY","INVENTORY OF MILK COWS","INVENTORY OF MILK COWS: (1,000 TO 2,499 HEAD)","29,662","(L)"
"CENSUS","2022","END OF DEC","","STATE","OREGON","41","","","","","","","00000000","","CATTLE","CATTLE, COWS, MILK - INVENTORY","INVENTORY OF MILK COWS","INVENTORY OF MILK COWS: (10 TO 19 HEAD)","65","68.8"
"CENSUS","2022","END OF DEC","","STATE","OREGON","41","","","","","","","00000000","","CATTLE","CATTLE, COWS, MILK - INVENTORY","INVENTORY OF MILK COWS","INVENTORY OF MILK COWS: (100 TO 199 HEAD)","2,664","9.6"
"CENSUS","2022","END OF DEC","","STATE","OREGON","41","","","","","","","00000000","","CATTLE","CATTLE, COWS, MILK - INVENTORY","INVENTORY OF MILK COWS","INVENTORY OF MILK COWS: (2,500 OR MORE HEAD)","54,308","(L)"
"CENSUS","2022","END OF DEC","","STATE","OREGON","41","","","","","","","00000000","","CATTLE","CATTLE, COWS, MILK - INVENTORY","INVENTORY OF MILK COWS","INVENTORY OF MILK COWS: (20 TO 49 HEAD)","257","11.8"
"CENSUS","2022","END OF DEC","","STATE","OREGON","41","","","","","","","00000000","","CATTLE","CATTLE, COWS, MILK - INVENTORY","INVENTORY OF MILK COWS","INVENTORY OF MILK COWS: (200 TO 499 HEAD)","14,821","4.5"
"CENSUS","2022","END OF DEC","","STATE","OREGON","41","","","","","","","00000000","","CATTLE","CATTLE, COWS, MILK - INVENTORY","INVENTORY OF MILK COWS","INVENTORY OF MILK COWS: (50 TO 99 HEAD)","969","8.0"
"CENSUS","2022","END OF DEC","","STATE","OREGON","41","","","","","","","00000000","","CATTLE","CATTLE, COWS, MILK - INVENTORY","INVENTORY OF MILK COWS","INVENTORY OF MILK COWS: (500 OR MORE HEAD)","98,023","6.2"
"CENSUS","2022","END OF DEC","","STATE","OREGON","41","","","","","","","00000000","","CATTLE","CATTLE, COWS, MILK - INVENTORY","INVENTORY OF MILK COWS","INVENTORY OF MILK COWS: (500 TO 999 HEAD)","14,053","43.2"
"CENSUS","2022","END OF DEC","","STATE","PENNSYLVANIA","42","","","","","","","00000000","","CATTLE","CATTLE, COWS, MILK - INVENTORY","INVENTORY OF MILK COWS","INVENTORY OF MILK COWS: (1 TO 9 HEAD)","1,871","7.9"
"CENSUS","2022","END OF DEC","","STATE","PENNSYLVANIA","42","","","","","","","00000000","","CATTLE","CATTLE, COWS, MILK - INVENTORY","INVENTORY OF MILK COWS","INVENTORY OF MILK COWS: (1,000 TO 2,499 HEAD)","43,045","(L)"
"CENSUS","2022","END OF DEC","","STATE","PENNSYLVANIA","42","","","","","","","00000000","","CATTLE","CATTLE, COWS, MILK - INVENTORY","INVENTORY OF MILK COWS","INVENTORY OF MILK COWS: (10 TO 19 HEAD)","1,464","22.6"
"CENSUS","2022","END OF DEC","","STATE","PENNSYLVANIA","42","","","","","","","00000000","","CATTLE","CATTLE, COWS, MILK - INVENTORY","INVENTORY OF MILK COWS","INVENTORY OF MILK COWS: (100 TO 199 HEAD)","99,431","13.4"
"CENSUS","2022","END OF DEC","","STATE","PENNSYLVANIA","42","","","","","","","00000000","","CATTLE","CATTLE, COWS, MILK - INVENTORY","INVENTORY OF MILK COWS","INVENTORY OF MILK COWS: (2,500 OR MORE HEAD)","13,299","(L)"
"CENSUS","2022","END OF DEC","","STATE","PENNSYLVANIA","42","","","","","","","00000000","","CATTLE","CATTLE, COWS, MILK - INVENTORY","INVENTORY OF MILK COWS","INVENTORY OF MILK COWS: (20 TO 49 HEAD)","22,711","8.7"
"CENSUS","2022","END OF DEC","","STATE","PENNSYLVANIA","42","","","","","","","00000000","","CATTLE","CATTLE, COWS, MILK - INVENTORY","INVENTORY OF MILK COWS","INVENTORY OF MILK COWS: (200 TO 499 HEAD)","153,190","11.4"
"CENSUS","2022","END OF DEC","","STATE","PENNSYLVANIA","42","","","","","","","00000000","","CATTLE","CATTLE, COWS, MILK - INVENTORY","INVENTORY OF MILK COWS","INVENTORY OF MILK COWS: (50 TO 99 HEAD)","77,312","23.4"
"CENSUS","2022","END OF DEC","","STATE","PENNSYLVANIA","42","","","","","","","00000000","","CATTLE","CATTLE, COWS, MILK - INVENTORY","INVENTORY OF MILK COWS","INVENTORY OF MILK COWS: (500 OR MORE HEAD)","99,672","(L)"
"CENSUS","2022","END OF DEC","","STATE","PENNSYLVANIA","42","","","","","","","00000000","","CATTLE","CATTLE, COWS, MILK - INVENTORY","INVENTORY OF MILK COWS","INVENTORY OF MILK COWS: (500 TO 999 HEAD)","43,328","(L)"
"CENSUS","2022","END OF DEC","","STATE","RHODE ISLAND","44","","","","","","","00000000","","CATTLE","CATTLE, COWS, MILK - INVENTORY","INVENTORY OF MILK COWS","INVENTORY OF MILK COWS: (1 TO 9 HEAD)"," (D)","(D)"
"CENSUS","2022","END OF DEC","","STATE","RHODE ISLAND","44","","","","","","","00000000","","CATTLE","CATTLE, COWS, MILK - INVENTORY","INVENTORY OF MILK COWS","INVENTORY OF MILK COWS: (10 TO 19 HEAD)","40","91.9"
"CENSUS","2022","END OF DEC","","STATE","RHODE ISLAND","44","","","","","","","00000000","","CATTLE","CATTLE, COWS, MILK - INVENTORY","INVENTORY OF MILK COWS","INVENTORY OF MILK COWS: (100 TO 199 HEAD)"," (D)","(D)"
"CENSUS","2022","END OF DEC","","STATE","RHODE ISLAND","44","","","","","","","00000000","","CATTLE","CATTLE, COWS, MILK - INVENTORY","INVENTORY OF MILK COWS","INVENTORY OF MILK COWS: (20 TO 49 HEAD)","95","(L)"
"CENSUS","2022","END OF DEC","","STATE","RHODE ISLAND","44","","","","","","","00000000","","CATTLE","CATTLE, COWS, MILK - INVENTORY","INVENTORY OF MILK COWS","INVENTORY OF MILK COWS: (200 TO 499 HEAD)"," (D)","(D)"
"CENSUS","2022","END OF DEC","","STATE","RHODE ISLAND","44","","","","","","","00000000","","CATTLE","CATTLE, COWS, MILK - INVENTORY","INVENTORY OF MILK COWS","INVENTORY OF MILK COWS: (50 TO 99 HEAD)"," (D)","(D)"
"CENSUS","2022","END OF DEC","","STATE","SOUTH CAROLINA","45","","","","","","","00000000","","CATTLE","CATTLE, COWS, MILK - INVENTORY","INVENTORY OF MILK COWS","INVENTORY OF MILK COWS: (1 TO 9 HEAD)","253","14.3"
"CENSUS","2022","END OF DEC","","STATE","SOUTH CAROLINA","45","","","","","","","00000000","","CATTLE","CATTLE, COWS, MILK - INVENTORY","INVENTORY OF MILK COWS","INVENTORY OF MILK COWS: (1,000 TO 2,499 HEAD)"," (D)","(D)"
"CENSUS","2022","END OF DEC","","STATE","SOUTH CAROLINA","45","","","","","","","00000000","","CATTLE","CATTLE, COWS, MILK - INVENTORY","INVENTORY OF MILK COWS","INVENTORY OF MILK COWS: (10 TO 19 HEAD)","70","42.6"
"CENSUS","2022","END OF DEC","","STATE","SOUTH CAROLINA","45","","","","","","","00000000","","CATTLE","CATTLE, COWS, MILK - INVENTORY","INVENTORY OF MILK COWS","INVENTORY OF MILK COWS: (100 TO 199 HEAD)","1,779","53.3"
"CENSUS","2022","END OF DEC","","STATE","SOUTH CAROLINA","45","","","","","","","00000000","","CATTLE","CATTLE, COWS, MILK - INVENTORY","INVENTORY OF MILK COWS","INVENTORY OF MILK COWS: (20 TO 49 HEAD)"," (D)","(D)"
"CENSUS","2022","END OF DEC","","STATE","SOUTH CAROLINA","45","","","","","","","00000000","","CATTLE","CATTLE, COWS, MILK - INVENTORY","INVENTORY OF MILK COWS","INVENTORY OF MILK COWS: (200 TO 499 HEAD)","2,960","11.3"
"CENSUS","2022","END OF DEC","","STATE","SOUTH CAROLINA","45","","","","","","","00000000","","CATTLE","CATTLE, COWS, MILK - INVENTORY","INVENTORY OF MILK COWS","INVENTORY OF MILK COWS: (50 TO 99 HEAD)"," (D)","(D)"
"CENSUS","2022","END OF DEC","","STATE","SOUTH CAROLINA","45","","","","","","","00000000","","CATTLE","CATTLE, COWS, MILK - INVENTORY","INVENTORY OF MILK COWS","INVENTORY OF MILK COWS: (500 OR MORE HEAD)","4,100","(L)"
"CENSUS","2022","END OF DEC","","STATE","SOUTH CAROLINA","45","","","","","","","00000000","","CATTLE","CATTLE, COWS, MILK - INVENTORY","INVENTORY OF MILK COWS","INVENTORY OF MILK COWS: (500 TO 999 HEAD)"," (D)","(D)"
"CENSUS","2022","END OF DEC","","STATE","SOUTH DAKOTA","46","","","","","","","00000000","","CATTLE","CATTLE, COWS, MILK - INVENTORY","INVENTORY OF MILK COWS","INVENTORY OF MILK COWS: (1 TO 9 HEAD)"," (D)","(D)"
"CENSUS","2022","END OF DEC","","STATE","SOUTH DAKOTA","46","","","","","","","00000000","","CATTLE","CATTLE, COWS, MILK - INVENTORY","INVENTORY OF MILK COWS","INVENTORY OF MILK COWS: (1,000 TO 2,499 HEAD)","37,746","(L)"
"CENSUS","2022","END OF DEC","","STATE","SOUTH DAKOTA","46","","","","","","","00000000","","CATTLE","CATTLE, COWS, MILK - INVENTORY","INVENTORY OF MILK COWS","INVENTORY OF MILK COWS: (10 TO 19 HEAD)"," (D)","(D)"
"CENSUS","2022","END OF DEC","","STATE","SOUTH DAKOTA","46","","","","","","","00000000","","CATTLE","CATTLE, COWS, MILK - INVENTORY","INVENTORY OF MILK COWS","INVENTORY OF MILK COWS: (100 TO 199 HEAD)","1,217","70.4"
"CENSUS","2022","END OF DEC","","STATE","SOUTH DAKOTA","46","","","","","","","00000000","","CATTLE","CATTLE, COWS, MILK - INVENTORY","INVENTORY OF MILK COWS","INVENTORY OF MILK COWS: (2,500 OR MORE HEAD)","131,865","15.2"
"CENSUS","2022","END OF DEC","","STATE","SOUTH DAKOTA","46","","","","","","","00000000","","CATTLE","CATTLE, COWS, MILK - INVENTORY","INVENTORY OF MILK COWS","INVENTORY OF MILK COWS: (20 TO 49 HEAD)","743","47.5"
"CENSUS","2022","END OF DEC","","STATE","SOUTH DAKOTA","46","","","","","","","00000000","","CATTLE","CATTLE, COWS, MILK - INVENTORY","INVENTORY OF MILK COWS","INVENTORY OF MILK COWS: (200 TO 499 HEAD)","9,276","57.6"
"CENSUS","2022","END OF DEC","","STATE","SOUTH DAKOTA","46","","","","","","","00000000","","CATTLE","CATTLE, COWS, MILK - INVENTORY","INVENTORY OF MILK COWS","INVENTORY OF MILK COWS: (50 TO 99 HEAD)","684","81.7"
"CENSUS","2022","END OF DEC","","STATE","SOUTH DAKOTA","46","","","","","","","00000000","","CATTLE","CATTLE, COWS, MILK - INVENTORY","INVENTORY OF MILK COWS","INVENTORY OF MILK COWS: (500 OR MORE HEAD)","176,145","13.8"
"CENSUS","2022","END OF DEC","","STATE","SOUTH DAKOTA","46","","","","","","","00000000","","CATTLE","CATTLE, COWS, MILK - INVENTORY","INVENTORY OF MILK COWS","INVENTORY OF MILK COWS: (500 TO 999 HEAD)","6,534","98.6"
"CENSUS","2022","END OF DEC","","STATE","TENNESSEE","47","","","","","","","00000000","","CATTLE","CATTLE, COWS, MILK - INVENTORY","INVENTORY OF MILK COWS","INVENTORY OF MILK COWS: (1 TO 9 HEAD)","1,200","5.4"
"CENSUS","2022","END OF DEC","","STATE","TENNESSEE","47","","","","","","","00000000","","CATTLE","CATTLE, COWS, MILK - INVENTORY","INVENTORY OF MILK COWS","INVENTORY OF MILK COWS: (1,000 TO 2,499 HEAD)","3,896","(L)"
"CENSUS","2022","END OF DEC","","STATE","TENNESSEE","47","","","","","","","00000000","","CATTLE","CATTLE, COWS, MILK - INVENTORY","INVENTORY OF MILK COWS","INVENTORY OF MILK COWS: (10 TO 19 HEAD)","579","28.1"
"CENSUS","2022","END OF DEC","","STATE","TENNESSEE","47","","","","","","","00000000","","CATTLE","CATTLE, COWS, MILK - INVENTORY","INVENTORY OF MILK COWS","INVENTORY OF MILK COWS: (100 TO 199 HEAD)","5,911","10.7"
"CENSUS","2022","END OF DEC","","STATE","TENNESSEE","47","","","","","","","00000000","","CATTLE","CATTLE, COWS, MILK - INVENTORY","INVENTORY OF MILK COWS","INVENTORY OF MILK COWS: (20 TO 49 HEAD)","1,149","6.6"
"CENSUS","2022","END OF DEC","","STATE","TENNESSEE","47","","","","","","","00000000","","CATTLE","CATTLE, COWS, MILK - INVENTORY","INVENTORY OF MILK COWS","INVENTORY OF MILK COWS: (200 TO 499 HEAD)","5,912","26.9"
"CENSUS","2022","END OF DEC","","STATE","TENNESSEE","47","","","","","","","00000000","","CATTLE","CATTLE, COWS, MILK - INVENTORY","INVENTORY OF MILK COWS","INVENTORY OF MILK COWS: (50 TO 99 HEAD)","1,707","7.7"
"CENSUS","2022","END OF DEC","","STATE","TENNESSEE","47","","","","","","","00000000","","CATTLE","CATTLE, COWS, MILK - INVENTORY","INVENTORY OF MILK COWS","INVENTORY OF MILK COWS: (500 OR MORE HEAD)","8,067","(L)"
"CENSUS","2022","END OF DEC","","STATE","TENNESSEE","47","","","","","","","00000000","","CATTLE","CATTLE, COWS, MILK - INVENTORY","INVENTORY OF MILK COWS","INVENTORY OF MILK COWS: (500 TO 999 HEAD)","4,171","(L)"
"CENSUS","2022","END OF DEC","","STATE","TEXAS","48","","","","","","","00000000","","CATTLE","CATTLE, COWS, MILK - INVENTORY","INVENTORY OF MILK COWS","INVENTORY OF MILK COWS: (1 TO 9 HEAD)","459","5.5"
"CENSUS","2022","END OF DEC","","STATE","TEXAS","48","","","","","","","00000000","","CATTLE","CATTLE, COWS, MILK - INVENTORY","INVENTORY OF MILK COWS","INVENTORY OF MILK COWS: (1,000 TO 2,499 HEAD)","76,357","(L)"
"CENSUS","2022","END OF DEC","","STATE","TEXAS","48","","","","","","","00000000","","CATTLE","CATTLE, COWS, MILK - INVENTORY","INVENTORY OF MILK COWS","INVENTORY OF MILK COWS: (10 TO 19 HEAD)","587","3.5"
"CENSUS","2022","END OF DEC","","STATE","TEXAS","48","","","","","","","00000000","","CATTLE","CATTLE, COWS, MILK - INVENTORY","INVENTORY OF MILK COWS","INVENTORY OF MILK COWS: (100 TO 199 HEAD)","2,457","15.2"
"CENSUS","2022","END OF DEC","","STATE","TEXAS","48","","","","","","","00000000","","CATTLE","CATTLE, COWS, MILK - INVENTORY","INVENTORY OF MILK COWS","INVENTORY OF MILK COWS: (2,500 OR MORE HEAD)","495,254","(L)"
"CENSUS","2022","END OF DEC","","STATE","TEXAS","48","","","","","","","00000000","","CATTLE","CATTLE, COWS, MILK - INVENTORY","INVENTORY OF MILK COWS","INVENTORY OF MILK COWS: (20 TO 49 HEAD)","530","8.1"
"CENSUS","2022","END OF DEC","","STATE","TEXAS","48","","","","","","","00000000","","CATTLE","CATTLE, COWS, MILK - INVENTORY","INVENTORY OF MILK COWS","INVENTORY OF MILK COWS: (200 TO 499 HEAD)","23,604","26.6"
"CENSUS","2022","END OF DEC","","STATE","TEXAS","48","","","","","","","00000000","","CATTLE","CATTLE, COWS, MILK - INVENTORY","INVENTORY OF MILK COWS","INVENTORY OF MILK COWS: (50 TO 99 HEAD)","1,054","29.6"
"CENSUS","2022","END OF DEC","","STATE","TEXAS","48","","","","","","","00000000","","CATTLE","CATTLE, COWS, MILK - INVENTORY","INVENTORY OF MILK COWS","INVENTORY OF MILK COWS: (500 OR MORE HEAD)","610,815","0.2"
"CENSUS","2022","END OF DEC","","STATE","TEXAS","48","","","","","","","00000000","","CATTLE","CATTLE, COWS, MILK - INVENTORY","INVENTORY OF MILK COWS","INVENTORY OF MILK COWS: (500 TO 999 HEAD)","39,204","3.4"
"CENSUS","2022","END OF DEC","","STATE","UTAH","49","","","","","","","00000000","","CATTLE","CATTLE, COWS, MILK - INVENTORY","INVENTORY OF MILK COWS","INVENTORY OF MILK COWS: (1 TO 9 HEAD)","342","5.9"
"CENSUS","2022","END OF DEC","","STATE","UTAH","49","","","","","","","00000000","","CATTLE","CATTLE, COWS, MILK - INVENTORY","INVENTORY OF MILK COWS","INVENTORY OF MILK COWS: (1,000 TO 2,499 HEAD)","19,193","(L)"
"CENSUS","2022","END OF DEC","","STATE","UTAH","49","","","","","","","00000000","","CATTLE","CATTLE, COWS, MILK - INVENTORY","INVENTORY OF MILK COWS","INVENTORY OF MILK COWS: (10 TO 19 HEAD)","153","13.4"
"CENSUS","2022","END OF DEC","","STATE","UTAH","49","","","","","","","00000000","","CATTLE","CATTLE, COWS, MILK - INVENTORY","INVENTORY OF MILK COWS","INVENTORY OF MILK COWS: (100 TO 199 HEAD)","5,660","8.5"
"CENSUS","2022","END OF DEC","","STATE","UTAH","49","","","","","","","00000000","","CATTLE","CATTLE, COWS, MILK - INVENTORY","INVENTORY OF MILK COWS","INVENTORY OF MILK COWS: (2,500 OR MORE HEAD)","46,486","(L)"
"CENSUS","2022","END OF DEC","","STATE","UTAH","49","","","","","","","00000000","","CATTLE","CATTLE, COWS, MILK - INVENTORY","INVENTORY OF MILK COWS","INVENTORY OF MILK COWS: (20 TO 49 HEAD)","449","20.2"
"CENSUS","2022","END OF DEC","","STATE","UTAH","49","","","","","","","00000000","","CATTLE","CATTLE, COWS, MILK - INVENTORY","INVENTORY OF MILK COWS","INVENTORY OF MILK COWS: (200 TO 499 HEAD)","7,658","2.5"
"CENSUS","2022","END OF DEC","","STATE","UTAH","49","","","","","","","00000000","","CATTLE","CATTLE, COWS, MILK - INVENTORY","INVENTORY OF MILK COWS","INVENTORY OF MILK COWS: (50 TO 99 HEAD)","1,119","28.3"
"CENSUS","2022","END OF DEC","","STATE","UTAH","49","","","","","","","00000000","","CATTLE","CATTLE, COWS, MILK - INVENTORY","INVENTORY OF MILK COWS","INVENTORY OF MILK COWS: (500 OR MORE HEAD)","76,124","(L)"
"CENSUS","2022","END OF DEC","","STATE","UTAH","49","","","","","","","00000000","","CATTLE","CATTLE, COWS, MILK - INVENTORY","INVENTORY OF MILK COWS","INVENTORY OF MILK COWS: (500 TO 999 HEAD)","10,445","(L)"
"CENSUS","2022","END OF DEC","","STATE","VERMONT","50","","","","","","","00000000","","CATTLE","CATTLE, COWS, MILK - INVENTORY","INVENTORY OF MILK COWS","INVENTORY OF MILK COWS: (1 TO 9 HEAD)","343","12.1"
"CENSUS","2022","END OF DEC","","STATE","VERMONT","50","","","","","","","00000000","","CATTLE","CATTLE, COWS, MILK - INVENTORY","INVENTORY OF MILK COWS","INVENTORY OF MILK COWS: (1,000 TO 2,499 HEAD)","31,293","(L)"
"CENSUS","2022","END OF DEC","","STATE","VERMONT","50","","","","","","","00000000","","CATTLE","CATTLE, COWS, MILK - INVENTORY","INVENTORY OF MILK COWS","INVENTORY OF MILK COWS: (10 TO 19 HEAD)","277","35.6"
"CENSUS","2022","END OF DEC","","STATE","VERMONT","50","","","","","","","00000000","","CATTLE","CATTLE, COWS, MILK - INVENTORY","INVENTORY OF MILK COWS","INVENTORY OF MILK COWS: (100 TO 199 HEAD)","10,875","17.6"
"CENSUS","2022","END OF DEC","","STATE","VERMONT","50","","","","","","","00000000","","CATTLE","CATTLE, COWS, MILK - INVENTORY","INVENTORY OF MILK COWS","INVENTORY OF MILK COWS: (2,500 OR MORE HEAD)"," (D)","(D)"
"CENSUS","2022","END OF DEC","","STATE","VERMONT","50","","","","","","","00000000","","CATTLE","CATTLE, COWS, MILK - INVENTORY","INVENTORY OF MILK COWS","INVENTORY OF MILK COWS: (20 TO 49 HEAD)","2,462","17.0"
"CENSUS","2022","END OF DEC","","STATE","VERMONT","50","","","","","","","00000000","","CATTLE","CATTLE, COWS, MILK - INVENTORY","INVENTORY OF MILK COWS","INVENTORY OF MILK COWS: (200 TO 499 HEAD)","20,199","5.9"
"CENSUS","2022","END OF DEC","","STATE","VERMONT","50","","","","","","","00000000","","CATTLE","CATTLE, COWS, MILK - INVENTORY","INVENTORY OF MILK COWS","INVENTORY OF MILK COWS: (50 TO 99 HEAD)","8,701","19.7"
"CENSUS","2022","END OF DEC","","STATE","VERMONT","50","","","","","","","00000000","","CATTLE","CATTLE, COWS, MILK - INVENTORY","INVENTORY OF MILK COWS","INVENTORY OF MILK COWS: (500 OR MORE HEAD)","62,657","(L)"
"CENSUS","2022","END OF DEC","","STATE","VERMONT","50","","","","","","","00000000","","CATTLE","CATTLE, COWS, MILK - INVENTORY","INVENTORY OF MILK COWS","INVENTORY OF MILK COWS: (500 TO 999 HEAD)"," (D)","(D)"
"CENSUS","2022","END OF DEC","","STATE","VIRGINIA","51","","","","","","","00000000","","CATTLE","CATTLE, COWS, MILK - INVENTORY","INVENTORY OF MILK COWS","INVENTORY OF MILK COWS: (1 TO 9 HEAD)","898","6.7"
"CENSUS","2022","END OF DEC","","STATE","VIRGINIA","51","","","","","","","00000000","","CATTLE","CATTLE, COWS, MILK - INVENTORY","INVENTORY OF MILK COWS","INVENTORY OF MILK COWS: (1,000 TO 2,499 HEAD)"," (D)","(D)"
"CENSUS","2022","END OF DEC","","STATE","VIRGINIA","51","","","","","","","00000000","","CATTLE","CATTLE, COWS, MILK - INVENTORY","INVENTORY OF MILK COWS","INVENTORY OF MILK COWS: (10 TO 19 HEAD)","393","16.0"
"CENSUS","2022","END OF DEC","","STATE","VIRGINIA","51","","","","","","","00000000","","CATTLE","CATTLE, COWS, MILK - INVENTORY","INVENTORY OF MILK COWS","INVENTORY OF MILK COWS: (100 TO 199 HEAD)","18,767","5.4"
"CENSUS","2022","END OF DEC","","STATE","VIRGINIA","51","","","","","","","00000000","","CATTLE","CATTLE, COWS, MILK - INVENTORY","INVENTORY OF MILK COWS","INVENTORY OF MILK COWS: (2,500 OR MORE HEAD)"," (D)","(D)"
"CENSUS","2022","END OF DEC","","STATE","VIRGINIA","51","","","","","","","00000000","","CATTLE","CATTLE, COWS, MILK - INVENTORY","INVENTORY OF MILK COWS","INVENTORY OF MILK COWS: (20 TO 49 HEAD)","1,240","35.3"
"CENSUS","2022","END OF DEC","","STATE","VIRGINIA","51","","","","","","","00000000","","CATTLE","CATTLE, COWS, MILK - INVENTORY","INVENTORY OF MILK COWS","INVENTORY OF MILK COWS: (200 TO 499 HEAD)","11,816","45.6"
"CENSUS","2022","END OF DEC","","STATE","VIRGINIA","51","","","","","","","00000000","","CATTLE","CATTLE, COWS, MILK - INVENTORY","INVENTORY OF MILK COWS","INVENTORY OF MILK COWS: (50 TO 99 HEAD)","6,266","11.5"
"CENSUS","2022","END OF DEC","","STATE","VIRGINIA","51","","","","","","","00000000","","CATTLE","CATTLE, COWS, MILK - INVENTORY","INVENTORY OF MILK COWS","INVENTORY OF MILK COWS: (500 OR MORE HEAD)","24,312","(L)"
"CENSUS","2022","END OF DEC","","STATE","VIRGINIA","51","","","","","","","00000000","","CATTLE","CATTLE, COWS, MILK - INVENTORY","INVENTORY OF MILK COWS","INVENTORY OF MILK COWS: (500 TO 999 HEAD)","14,340","(L)"
"CENSUS","2022","END OF DEC","","STATE","WASHINGTON","53","","","","","","","00000000","","CATTLE","CATTLE, COWS, MILK - INVENTORY","INVENTORY OF MILK COWS","INVENTORY OF MILK COWS: (1 TO 9 HEAD)","367","12.0"
"CENSUS","2022","END OF DEC","","STATE","WASHINGTON","53","","","","","","","00000000","","CATTLE","CATTLE, COWS, MILK - INVENTORY","INVENTORY OF MILK COWS","INVENTORY OF MILK COWS: (1,000 TO 2,499 HEAD)","81,401","2.9"
"CENSUS","2022","END OF DEC","","STATE","WASHINGTON","53","","","","","","","00000000","","CATTLE","CATTLE, COWS, MILK - INVENTORY","INVENTORY OF MILK COWS","INVENTORY OF MILK COWS: (10 TO 19 HEAD)","80","42.7"
"CENSUS","2022","END OF DEC","","STATE","WASHINGTON","53","","","","","","","00000000","","CATTLE","CATTLE, COWS, MILK - INVENTORY","INVENTORY OF MILK COWS","INVENTORY OF MILK COWS: (100 TO 199 HEAD)","4,578","21.8"
"CENSUS","2022","END OF DEC","","STATE","WASHINGTON","53","","","","","","","00000000","","CATTLE","CATTLE, COWS, MILK - INVENTORY","INVENTORY OF MILK COWS","INVENTORY OF MILK COWS: (2,500 OR MORE HEAD)","122,906","(L)"
"CENSUS","2022","END OF DEC","","STATE","WASHINGTON","53","","","","","","","00000000","","CATTLE","CATTLE, COWS, MILK - INVENTORY","INVENTORY OF MILK COWS","INVENTORY OF MILK COWS: (20 TO 49 HEAD)","262","(H)"
"CENSUS","2022","END OF DEC","","STATE","WASHINGTON","53","","","","","","","00000000","","CATTLE","CATTLE, COWS, MILK - INVENTORY","INVENTORY OF MILK COWS","INVENTORY OF MILK COWS: (200 TO 499 HEAD)","16,313","8.1"
"CENSUS","2022","END OF DEC","","STATE","WASHINGTON","53","","","","","","","00000000","","CATTLE","CATTLE, COWS, MILK - INVENTORY","INVENTORY OF MILK COWS","INVENTORY OF MILK COWS: (50 TO 99 HEAD)","1,277","23.1"
"CENSUS","2022","END OF DEC","","STATE","WASHINGTON","53","","","","","","","00000000","","CATTLE","CATTLE, COWS, MILK - INVENTORY","INVENTORY OF MILK COWS","INVENTORY OF MILK COWS: (500 OR MORE HEAD)","232,995","0.9"
"CENSUS","2022","END OF DEC","","STATE","WASHINGTON","53","","","","","","","00000000","","CATTLE","CATTLE, COWS, MILK - INVENTORY","INVENTORY OF MILK COWS","INVENTORY OF MILK COWS: (500 TO 999 HEAD)","28,688","6.4"
"CENSUS","2022","END OF DEC","","STATE","WEST VIRGINIA","54","","","","","","","00000000","","CATTLE","CATTLE, COWS, MILK - INVENTORY","INVENTORY OF MILK COWS","INVENTORY OF MILK COWS: (1 TO 9 HEAD)","619","13.3"
"CENSUS","2022","END OF DEC","","STATE","WEST VIRGINIA","54","","","","","","","00000000","","CATTLE","CATTLE, COWS, MILK - INVENTORY","INVENTORY OF MILK COWS","INVENTORY OF MILK COWS: (10 TO 19 HEAD)"," (D)","(D)"
"CENSUS","2022","END OF DEC","","STATE","WEST VIRGINIA","54","","","","","","","00000000","","CATTLE","CATTLE, COWS, MILK - INVENTORY","INVENTORY OF MILK COWS","INVENTORY OF MILK COWS: (100 TO 199 HEAD)","1,081","(L)"
"CENSUS","2022","END OF DEC","","STATE","WEST VIRGINIA","54","","","","","","","00000000","","CATTLE","CATTLE, COWS, MILK - INVENTORY","INVENTORY OF MILK COWS","INVENTORY OF MILK COWS: (20 TO 49 HEAD)","640","14.2"
"CENSUS","2022","END OF DEC","","STATE","WEST VIRGINIA","54","","","","","","","00000000","","CATTLE","CATTLE, COWS, MILK - INVENTORY","INVENTORY OF MILK COWS","INVENTORY OF MILK COWS: (200 TO 499 HEAD)"," (D)","(D)"
"CENSUS","2022","END OF DEC","","STATE","WEST VIRGINIA","54","","","","","","","00000000","","CATTLE","CATTLE, COWS, MILK - INVENTORY","INVENTORY OF MILK COWS","INVENTORY OF MILK COWS: (50 TO 99 HEAD)","1,463","9.9"
"CENSUS","2022","END OF DEC","","STATE","WISCONSIN","55","","","","","","","00000000","","CATTLE","CATTLE, COWS, MILK - INVENTORY","INVENTORY OF MILK COWS","INVENTORY OF MILK COWS: (1 TO 9 HEAD)","1,978","7.3"
"CENSUS","2022","END OF DEC","","STATE","WISCONSIN","55","","","","","","","00000000","","CATTLE","CATTLE, COWS, MILK - INVENTORY","INVENTORY OF MILK COWS","INVENTORY OF MILK COWS: (1,000 TO 2,499 HEAD)","238,637","(L)"
"CENSUS","2022","END OF DEC","","STATE","WISCONSIN","55","","","","","","","00000000","","CATTLE","CATTLE, COWS, MILK - INVENTORY","INVENTORY OF MILK COWS","INVENTORY OF MILK COWS: (10 TO 19 HEAD)","4,546","5.4"
"CENSUS","2022","END OF DEC","","STATE","WISCONSIN","55","","","","","","","00000000","","CATTLE","CATTLE, COWS, MILK - INVENTORY","INVENTORY OF MILK COWS","INVENTORY OF MILK COWS: (100 TO 199 HEAD)","123,386","4.5"
"CENSUS","2022","END OF DEC","","STATE","WISCONSIN","55","","","","","","","00000000","","CATTLE","CATTLE, COWS, MILK - INVENTORY","INVENTORY OF MILK COWS","INVENTORY OF MILK COWS: (2,500 OR MORE HEAD)","218,974","(L)"
"CENSUS","2022","END OF DEC","","STATE","WISCONSIN","55","","","","","","","00000000","","CATTLE","CATTLE, COWS, MILK - INVENTORY","INVENTORY OF MILK COWS","INVENTORY OF MILK COWS: (20 TO 49 HEAD)","36,029","4.8"
"CENSUS","2022","END OF DEC","","STATE","WISCONSIN","55","","","","","","","00000000","","CATTLE","CATTLE, COWS, MILK - INVENTORY","INVENTORY OF MILK COWS","INVENTORY OF MILK COWS: (200 TO 499 HEAD)","270,902","36.0"
"CENSUS","2022","END OF DEC","","STATE","WISCONSIN","55","","","","","","","00000000","","CATTLE","CATTLE, COWS, MILK - INVENTORY","INVENTORY OF MILK COWS","INVENTORY OF MILK COWS: (50 TO 99 HEAD)","120,637","13.5"
"CENSUS","2022","END OF DEC","","STATE","WISCONSIN","55","","","","","","","00000000","","CATTLE","CATTLE, COWS, MILK - INVENTORY","INVENTORY OF MILK COWS","INVENTORY OF MILK COWS: (500 OR MORE HEAD)","706,794","4.5"
"CENSUS","2022","END OF DEC","","STATE","WISCONSIN","55","","","","","","","00000000","","CATTLE","CATTLE, COWS, MILK - INVENTORY","INVENTORY OF MILK COWS","INVENTORY OF MILK COWS: (500 TO 999 HEAD)","249,183","12.8"
"CENSUS","2022","END OF DEC","","STATE","WYOMING","56","","","","","","","00000000","","CATTLE","CATTLE, COWS, MILK - INVENTORY","INVENTORY OF MILK COWS","INVENTORY OF MILK COWS: (1 TO 9 HEAD)"," (D)","(D)"
"CENSUS","2022","END OF DEC","","STATE","WYOMING","56","","","","","","","00000000","","CATTLE","CATTLE, COWS, MILK - INVENTORY","INVENTORY OF MILK COWS","INVENTORY OF MILK COWS: (10 TO 19 HEAD)"," (D)","(D)"
"CENSUS","2022","END OF DEC","","STATE","WYOMING","56","","","","","","","00000000","","CATTLE","CATTLE, COWS, MILK - INVENTORY","INVENTORY OF MILK COWS","INVENTORY OF MILK COWS: (2,500 OR MORE HEAD)"," (D)","(D)"
"CENSUS","2022","END OF DEC","","STATE","WYOMING","56","","","","","","","00000000","","CATTLE","CATTLE, COWS, MILK - INVENTORY","INVENTORY OF MILK COWS","INVENTORY OF MILK COWS: (20 TO 49 HEAD)"," (D)","(D)"
"CENSUS","2022","END OF DEC","","STATE","WYOMING","56","","","","","","","00000000","","CATTLE","CATTLE, COWS, MILK - INVENTORY","INVENTORY OF MILK COWS","INVENTORY OF MILK COWS: (200 TO 499 HEAD)","680","73.8"
"CENSUS","2022","END OF DEC","","STATE","WYOMING","56","","","","","","","00000000","","CATTLE","CATTLE, COWS, MILK - INVENTORY","INVENTORY OF MILK COWS","INVENTORY OF MILK COWS: (500 OR MORE HEAD)"," (D)","(D)"
"CENSUS","2022","END OF DEC","","STATE","WYOMING","56","","","","","","","00000000","","CATTLE","CATTLE, COWS, MILK - INVENTORY","INVENTORY OF MILK COWS","INVENTORY OF MILK COWS: (500 TO 999 HEAD)"," (D)","(D)"
